D,k,ndcg,p_marg,p_max,sample,set,top1,top10,top20,top3,top5,topk_auc,un_p_marg,un_topk_auc
0.001,,0.6122572457180551,-137.858115035572,-1.0,0.0,train,48.888888888888886,71.11111111111111,73.33333333333333,62.22222222222222,66.66666666666666,0.6877777777777778,-3.686728014948225,0.6877777777777778
0.005,,0.6110306422029828,-138.04343211966582,-1.0,0.0,train,48.888888888888886,71.11111111111111,73.33333333333333,62.22222222222222,66.66666666666666,0.6877777777777778,-3.6919396007969247,0.6866666666666666
0.01,,0.6122572457180551,-138.2718649906776,-1.0,0.0,train,48.888888888888886,71.11111111111111,73.33333333333333,62.22222222222222,66.66666666666666,0.6877777777777778,-3.6985747090497707,0.6877777777777778
0.05,,0.6107310092377026,-139.98783207016365,-1.0,0.0,train,48.888888888888886,71.11111111111111,73.33333333333333,62.22222222222222,66.66666666666666,0.6866666666666666,-3.7564490576634246,0.6866666666666666
0.1,,0.6198587014089558,-141.91351942883665,-1.0,0.0,train,48.888888888888886,71.11111111111111,77.77777777777779,60.0,66.66666666666666,0.6944444444444444,-3.840661479351453,0.6944444444444444
0.15,,0.6211041485142705,-143.65978774057817,-1.0,0.0,train,48.888888888888886,73.33333333333333,77.77777777777779,60.0,66.66666666666666,0.7044444444444444,-3.937963559231605,0.7044444444444444
0.25,,0.632680091749594,-146.771922526784,-1.0,0.0,train,48.888888888888886,73.33333333333333,82.22222222222221,57.77777777777777,66.66666666666666,0.7222222222222222,-4.172010106449648,0.7222222222222222
0.35,,0.6299176472386766,-149.53043032371576,-1.0,0.0,train,48.888888888888886,71.11111111111111,82.22222222222221,57.77777777777777,66.66666666666666,0.7277777777777777,-4.460169992392959,0.7244444444444444
0.5,,0.5949738554360565,-153.2402391200553,-1.0,0.0,train,44.44444444444444,73.33333333333333,80.0,55.55555555555556,60.0,0.7033333333333334,-5.002715843561771,0.7033333333333334
0.001,,0.49182147594054204,-166.24794490070192,-1.0,1.0,train,20.0,71.11111111111111,84.44444444444444,46.666666666666664,57.77777777777777,0.6711111111111111,-5.991315393051847,0.6711111111111111
0.005,,0.4780643593532411,-166.56540788013024,-1.0,1.0,train,17.77777777777778,71.11111111111111,84.44444444444444,46.666666666666664,57.77777777777777,0.6688888888888889,-5.9916938469176975,0.6688888888888889
0.01,,0.47843049236465834,-166.95189497543862,-1.0,1.0,train,17.77777777777778,68.88888888888889,84.44444444444444,46.666666666666664,57.77777777777777,0.6666666666666666,-5.992322256456159,0.6666666666666666
0.05,,0.4783082998840621,-169.7195344039947,-1.0,1.0,train,17.77777777777778,71.11111111111111,84.44444444444444,48.888888888888886,60.0,0.6722222222222223,-6.0034950845959685,0.6722222222222223
0.1,,0.47641552987270913,-172.6249378170217,-1.0,1.0,train,17.77777777777778,73.33333333333333,84.44444444444444,46.666666666666664,60.0,0.6755555555555556,-6.032552186041954,0.6744444444444444
0.15,,0.484898868353275,-175.13846832436528,-1.0,1.0,train,20.0,73.33333333333333,84.44444444444444,46.666666666666664,57.77777777777777,0.6766666666666666,-6.078060163122545,0.6766666666666666
0.25,,0.4725376772545682,-179.42563351732443,-1.0,1.0,train,17.77777777777778,75.55555555555556,84.44444444444444,44.44444444444444,57.77777777777777,0.6822222222222222,-6.217936695308404,0.6822222222222222
0.35,,0.4537678130302974,-183.08096199759964,-1.0,1.0,train,15.555555555555555,73.33333333333333,84.44444444444444,42.22222222222222,53.333333333333336,0.6655555555555556,-6.4239389621935015,0.6655555555555556
0.5,,0.4382939854382671,-187.8480793434833,-1.0,1.0,train,15.555555555555555,71.11111111111111,80.0,40.0,53.333333333333336,0.64,-6.866884072077411,0.64
0.001,,0.4797469229512667,-184.35330745105688,-1.0,2.0,train,24.444444444444443,68.88888888888889,73.33333333333333,48.888888888888886,57.77777777777777,0.6344444444444445,-6.456519090242445,0.6344444444444445
0.005,,0.4797469229512667,-184.49656896475443,-1.0,2.0,train,24.444444444444443,68.88888888888889,73.33333333333333,48.888888888888886,57.77777777777777,0.6344444444444445,-6.458374961807097,0.6344444444444445
0.01,,0.4792560996176478,-184.67422845477597,-1.0,2.0,train,24.444444444444443,66.66666666666666,73.33333333333333,48.888888888888886,57.77777777777777,0.6322222222222222,-6.461047251202059,0.6322222222222222
0.05,,0.47987114589027513,-186.0451276412068,-1.0,2.0,train,24.444444444444443,66.66666666666666,73.33333333333333,48.888888888888886,57.77777777777777,0.6255555555555555,-6.495825272260464,0.6255555555555555
0.1,,0.48326305775923606,-187.6560301426189,-1.0,2.0,train,24.444444444444443,66.66666666666666,75.55555555555556,46.666666666666664,57.77777777777777,0.6266666666666667,-6.570083113812693,0.6266666666666667
0.15,,0.4838889783889166,-189.17955908565858,-1.0,2.0,train,24.444444444444443,66.66666666666666,75.55555555555556,46.666666666666664,55.55555555555556,0.6311111111111111,-6.675331496465136,0.6311111111111111
0.25,,0.48632238377538617,-192.03667396103418,-1.0,2.0,train,24.444444444444443,66.66666666666666,77.77777777777779,44.44444444444444,55.55555555555556,0.64,-6.971002568233689,0.64
0.35,,0.4812891939255417,-194.71901279492553,-1.0,2.0,train,26.666666666666668,62.22222222222222,77.77777777777779,42.22222222222222,48.888888888888886,0.6177777777777778,-7.375552600861484,0.6177777777777778
0.5,,0.4595700793794429,-198.55765584897208,-1.0,2.0,train,24.444444444444443,60.0,75.55555555555556,40.0,51.11111111111111,0.5933333333333334,-8.19634112083699,0.5933333333333334
0.001,,0.5130083609277739,-147.38929927734128,-1.0,3.0,train,24.444444444444443,77.77777777777779,82.22222222222221,46.666666666666664,62.22222222222222,0.6966666666666667,-5.914212887410149,0.6966666666666667
0.005,,0.5130083609277739,-147.6315282355906,-1.0,3.0,train,24.444444444444443,77.77777777777779,82.22222222222221,46.666666666666664,62.22222222222222,0.6966666666666667,-5.90624702726008,0.6966666666666667
0.01,,0.5130083609277739,-147.92767640583625,-1.0,3.0,train,24.444444444444443,77.77777777777779,82.22222222222221,46.666666666666664,62.22222222222222,0.6966666666666667,-5.896447032502157,0.6966666666666667
0.05,,0.5150459685797885,-150.08746618503793,-1.0,3.0,train,24.444444444444443,77.77777777777779,82.22222222222221,48.888888888888886,62.22222222222222,0.6955555555555556,-5.824148709057394,0.6955555555555556
0.1,,0.5160608338884787,-152.42284698923413,-1.0,3.0,train,24.444444444444443,77.77777777777779,82.22222222222221,48.888888888888886,64.44444444444444,0.6988888888888889,-5.7482173882725025,0.6988888888888889
0.15,,0.5172510575147327,-154.49158116160956,-1.0,3.0,train,24.444444444444443,77.77777777777779,82.22222222222221,48.888888888888886,64.44444444444444,0.6977777777777778,-5.68723462533765,0.6977777777777778
0.25,,0.5118259895435406,-158.10147101704734,-1.0,3.0,train,24.444444444444443,77.77777777777779,80.0,46.666666666666664,64.44444444444444,0.6955555555555556,-5.606675220606533,0.6955555555555556
0.35,,0.5081696171670304,-161.23604451968635,-1.0,3.0,train,24.444444444444443,75.55555555555556,80.0,46.666666666666664,64.44444444444444,0.6877777777777778,-5.5774908757418835,0.6877777777777778
0.5,,0.5023620822617099,-165.35761971168586,-1.0,3.0,train,22.22222222222222,73.33333333333333,82.22222222222221,42.22222222222222,62.22222222222222,0.6833333333333333,-5.624686618714546,0.6833333333333333
0.001,,0.5430069663944578,-142.80527251420753,-1.0,4.0,train,35.55555555555556,73.33333333333333,75.55555555555556,55.55555555555556,62.22222222222222,0.68,-5.579240892303313,0.68
0.005,,0.5430069663944578,-142.98601284798156,-1.0,4.0,train,35.55555555555556,73.33333333333333,75.55555555555556,55.55555555555556,62.22222222222222,0.68,-5.5846725470081084,0.68
0.01,,0.5434156863310803,-143.20869773000072,-1.0,4.0,train,35.55555555555556,73.33333333333333,75.55555555555556,55.55555555555556,62.22222222222222,0.6811111111111111,-5.591656492665884,0.6811111111111111
0.05,,0.5467875443849083,-144.8789335877752,-1.0,4.0,train,35.55555555555556,75.55555555555556,75.55555555555556,55.55555555555556,64.44444444444444,0.6888888888888889,-5.655191000576464,0.6888888888888889
0.1,,0.5525423439828733,-146.75177264167198,-1.0,4.0,train,35.55555555555556,75.55555555555556,77.77777777777779,53.333333333333336,64.44444444444444,0.6955555555555556,-5.7533069676087845,0.6955555555555556
0.15,,0.5527499290769389,-148.4525047541701,-1.0,4.0,train,35.55555555555556,77.77777777777779,77.77777777777779,53.333333333333336,62.22222222222222,0.7,-5.871628564707912,0.7
0.25,,0.570259063427471,-151.49677716436875,-1.0,4.0,train,35.55555555555556,75.55555555555556,86.66666666666667,53.333333333333336,62.22222222222222,0.7144444444444444,-6.167584496626028,0.7144444444444444
0.35,,0.5734642625244898,-154.2153286338945,-1.0,4.0,train,35.55555555555556,75.55555555555556,84.44444444444444,55.55555555555556,66.66666666666666,0.7266666666666667,-6.542556699328726,0.7255555555555555
0.5,,0.5448036752486322,-157.9068264591129,-1.0,4.0,train,31.11111111111111,75.55555555555556,86.66666666666667,48.888888888888886,60.0,0.7066666666666667,-7.260177574387374,0.7066666666666667
0.001,,0.4923836155153373,-166.9559213667744,-1.0,5.0,train,24.444444444444443,73.33333333333333,77.77777777777779,44.44444444444444,60.0,0.6677777777777778,-9.80937652554555,0.6677777777777778
0.005,,0.4923836155153373,-167.20048973259557,-1.0,5.0,train,24.444444444444443,73.33333333333333,77.77777777777779,44.44444444444444,60.0,0.6677777777777778,-9.781987677093943,0.6677777777777778
0.01,,0.49274974852675457,-167.49844846552395,-1.0,5.0,train,24.444444444444443,71.11111111111111,77.77777777777779,44.44444444444444,60.0,0.6655555555555556,-9.7481922471171,0.6655555555555556
0.05,,0.49106283027854963,-169.64168840788292,-1.0,5.0,train,24.444444444444443,73.33333333333333,77.77777777777779,44.44444444444444,62.22222222222222,0.6633333333333333,-9.494463420984628,0.6633333333333333
0.1,,0.4938957917429356,-171.91592678084916,-1.0,5.0,train,24.444444444444443,73.33333333333333,77.77777777777779,44.44444444444444,62.22222222222222,0.6666666666666666,-9.214841828718178,0.6666666666666666
0.15,,0.5024534463405574,-173.9075975847463,-1.0,5.0,train,26.666666666666668,73.33333333333333,77.77777777777779,44.44444444444444,60.0,0.6688888888888889,-8.971700659027189,0.6688888888888889
0.25,,0.5152947429971587,-177.35942595375622,-1.0,5.0,train,28.888888888888886,75.55555555555556,82.22222222222221,44.44444444444444,60.0,0.6788888888888889,-8.579251429739427,0.6788888888888889
0.35,,0.48908866436024323,-180.35488910339453,-1.0,5.0,train,24.444444444444443,68.88888888888889,82.22222222222221,42.22222222222222,57.77777777777777,0.6633333333333333,-8.294933937959655,0.6633333333333333
0.5,,0.44037509700641386,-184.3218546167471,-1.0,5.0,train,17.77777777777778,64.44444444444444,77.77777777777779,37.77777777777778,55.55555555555556,0.6033333333333334,-8.046699765603412,0.6033333333333334
0.001,,0.6426909205511512,-141.51108012727258,-1.0,6.0,train,44.44444444444444,75.55555555555556,82.22222222222221,68.88888888888889,73.33333333333333,0.7488888888888889,-4.787226677643674,0.7488888888888889
0.005,,0.6371353649955955,-141.7894400414446,-1.0,6.0,train,44.44444444444444,75.55555555555556,82.22222222222221,68.88888888888889,73.33333333333333,0.7477777777777778,-4.786872560416044,0.7477777777777778
0.01,,0.6371353649955955,-142.12708160718196,-1.0,6.0,train,44.44444444444444,75.55555555555556,82.22222222222221,68.88888888888889,73.33333333333333,0.7477777777777778,-4.786564407697375,0.7477777777777778
0.05,,0.6427063801840925,-144.5168480408917,-1.0,6.0,train,44.44444444444444,75.55555555555556,84.44444444444444,68.88888888888889,73.33333333333333,0.7533333333333333,-4.78945045419133,0.7533333333333333
0.1,,0.6427063801840925,-146.9956604497684,-1.0,6.0,train,44.44444444444444,75.55555555555556,84.44444444444444,68.88888888888889,73.33333333333333,0.7533333333333333,-4.806339162449431,0.7533333333333333
0.15,,0.650907941215838,-149.12811304770887,-1.0,6.0,train,46.666666666666664,75.55555555555556,84.44444444444444,68.88888888888889,73.33333333333333,0.7544444444444445,-4.837922111535316,0.7544444444444445
0.25,,0.6546881980309109,-152.74942696775446,-1.0,6.0,train,46.666666666666664,75.55555555555556,86.66666666666667,66.66666666666666,73.33333333333333,0.7633333333333333,-4.9455861623854185,0.7633333333333333
0.35,,0.6382760247050848,-155.82199872894887,-1.0,6.0,train,42.22222222222222,77.77777777777779,86.66666666666667,68.88888888888889,71.11111111111111,0.7655555555555555,-5.114810760851652,0.7655555555555555
0.5,,0.6174393000002925,-159.80255170850984,-1.0,6.0,train,40.0,73.33333333333333,84.44444444444444,64.44444444444444,71.11111111111111,0.7411111111111112,-5.496805029523057,0.7411111111111112
0.001,,0.5788047889123167,-150.9056983774676,-1.0,7.0,train,28.888888888888886,82.22222222222221,88.88888888888889,57.77777777777777,66.66666666666666,0.7677777777777778,-7.2439810267821185,0.7677777777777778
0.005,,0.5706032278805713,-151.21894807363637,-1.0,7.0,train,26.666666666666668,82.22222222222221,88.88888888888889,57.77777777777777,66.66666666666666,0.7666666666666667,-7.236455325042792,0.7666666666666667
0.01,,0.5706032278805713,-151.5976161278878,-1.0,7.0,train,26.666666666666668,82.22222222222221,88.88888888888889,57.77777777777777,66.66666666666666,0.7666666666666667,-7.22747135273281,0.7666666666666667
0.05,,0.5710496839641734,-154.23831890663033,-1.0,7.0,train,26.666666666666668,84.44444444444444,88.88888888888889,57.77777777777777,66.66666666666666,0.7688888888888888,-7.171628853722429,0.7688888888888888
0.1,,0.5703899191751096,-156.9151470953518,-1.0,7.0,train,26.666666666666668,84.44444444444444,88.88888888888889,55.55555555555556,68.88888888888889,0.77,-7.138261828474083,0.77
0.15,,0.5794124503706077,-159.1833315963008,-1.0,7.0,train,28.888888888888886,84.44444444444444,88.88888888888889,55.55555555555556,71.11111111111111,0.7733333333333333,-7.14074340400311,0.7733333333333333
0.25,,0.5756390928746322,-163.00323249792245,-1.0,7.0,train,28.888888888888886,82.22222222222221,88.88888888888889,53.333333333333336,71.11111111111111,0.77,-7.2398507799134615,0.77
0.35,,0.5479688473755248,-166.25160750467603,-1.0,7.0,train,24.444444444444443,82.22222222222221,86.66666666666667,53.333333333333336,71.11111111111111,0.7544444444444445,-7.450818793598582,0.7544444444444445
0.5,,0.5353648240252228,-170.52229902284427,-1.0,7.0,train,24.444444444444443,77.77777777777779,86.66666666666667,51.11111111111111,66.66666666666666,0.73,-7.960784856060935,0.73
0.001,,0.5242443856493454,-175.0282567052536,-1.0,8.0,train,28.888888888888886,75.55555555555556,84.44444444444444,44.44444444444444,55.55555555555556,0.6944444444444444,-7.089803586957956,0.6944444444444444
0.005,,0.5104872690620444,-175.23245077857612,-1.0,8.0,train,26.666666666666668,75.55555555555556,84.44444444444444,44.44444444444444,55.55555555555556,0.6922222222222222,-7.085053750111369,0.6922222222222222
0.01,,0.5129989230844948,-175.48382676037133,-1.0,8.0,train,26.666666666666668,73.33333333333333,84.44444444444444,44.44444444444444,55.55555555555556,0.6933333333333334,-7.079471871452872,0.6933333333333334
0.05,,0.5039087585971076,-177.365701791288,-1.0,8.0,train,26.666666666666668,73.33333333333333,82.22222222222221,44.44444444444444,55.55555555555556,0.6811111111111111,-7.048174375676368,0.6811111111111111
0.1,,0.5035708836960731,-179.47606523951026,-1.0,8.0,train,26.666666666666668,75.55555555555556,82.22222222222221,44.44444444444444,57.77777777777777,0.6866666666666666,-7.039092770143079,0.6866666666666666
0.15,,0.5057035430377986,-181.3966961748502,-1.0,8.0,train,26.666666666666668,75.55555555555556,82.22222222222221,44.44444444444444,55.55555555555556,0.6888888888888889,-7.059336767904325,0.6888888888888889
0.25,,0.498082598875209,-184.846428561634,-1.0,8.0,train,26.666666666666668,73.33333333333333,82.22222222222221,42.22222222222222,55.55555555555556,0.6777777777777778,-7.17705687018603,0.6788888888888889
0.35,,0.48639482289976294,-187.9387833050185,-1.0,8.0,train,26.666666666666668,71.11111111111111,80.0,42.22222222222222,51.11111111111111,0.6566666666666666,-7.388142320028788,0.6566666666666666
0.5,,0.46104836203501637,-192.15458467992613,-1.0,8.0,train,22.22222222222222,68.88888888888889,80.0,42.22222222222222,51.11111111111111,0.63,-7.872575887104586,0.6311111111111111
0.001,,0.6918897546459852,-144.22459653811705,-1.0,9.0,train,55.55555555555556,80.0,84.44444444444444,68.88888888888889,77.77777777777779,0.7811111111111111,-5.8399206793702385,0.7811111111111111
0.005,,0.6863341990904297,-144.5935146577166,-1.0,9.0,train,55.55555555555556,80.0,84.44444444444444,68.88888888888889,77.77777777777779,0.78,-5.835071633003946,0.78
0.01,,0.686474749479732,-145.04066395715736,-1.0,9.0,train,55.55555555555556,80.0,84.44444444444444,68.88888888888889,77.77777777777779,0.7811111111111111,-5.829365009525952,0.7811111111111111
0.05,,0.6894454595650313,-148.19372469014306,-1.0,9.0,train,55.55555555555556,82.22222222222221,84.44444444444444,71.11111111111111,77.77777777777779,0.7866666666666666,-5.7970776421474834,0.7866666666666666
0.1,,0.6889253768586973,-151.4432913540542,-1.0,9.0,train,55.55555555555556,84.44444444444444,84.44444444444444,68.88888888888889,77.77777777777779,0.7911111111111111,-5.786847106567282,0.7911111111111111
0.15,,0.690800167471907,-154.225950267022,-1.0,9.0,train,55.55555555555556,84.44444444444444,84.44444444444444,68.88888888888889,80.0,0.7944444444444444,-5.805972366542628,0.7944444444444444
0.25,,0.6932595987960489,-158.9376326020104,-1.0,9.0,train,55.55555555555556,86.66666666666667,86.66666666666667,66.66666666666666,77.77777777777779,0.8022222222222222,-5.920541524045003,0.8022222222222222
0.35,,0.6816277020361085,-162.93383923270525,-1.0,9.0,train,53.333333333333336,84.44444444444444,86.66666666666667,66.66666666666666,75.55555555555556,0.7922222222222223,-6.124762278948181,0.7922222222222223
0.5,,0.6490339986861089,-168.11882855295465,-1.0,9.0,train,48.888888888888886,80.0,84.44444444444444,64.44444444444444,73.33333333333333,0.7511111111111111,-6.5829650265387025,0.7511111111111111
0.001,,0.5512430630956295,-157.238561983591,-1.0,10.0,train,37.77777777777778,71.11111111111111,77.77777777777779,51.11111111111111,57.77777777777777,0.6755555555555556,-4.924919614646803,0.6755555555555556
0.005,,0.5513619399374469,-157.53756083405202,-1.0,10.0,train,37.77777777777778,71.11111111111111,77.77777777777779,51.11111111111111,57.77777777777777,0.6766666666666666,-4.925523715163928,0.6766666666666666
0.01,,0.5522188962824829,-157.90237325553088,-1.0,10.0,train,37.77777777777778,71.11111111111111,77.77777777777779,51.11111111111111,57.77777777777777,0.6766666666666666,-4.9264829315733385,0.6766666666666666
0.05,,0.5567148582689985,-160.54291580175976,-1.0,10.0,train,37.77777777777778,73.33333333333333,80.0,51.11111111111111,57.77777777777777,0.6811111111111111,-4.942109059350331,0.6811111111111111
0.1,,0.5588293612912132,-163.37147477637325,-1.0,10.0,train,37.77777777777778,73.33333333333333,80.0,51.11111111111111,60.0,0.6866666666666666,-4.980647659204073,0.6866666666666666
0.15,,0.559656798746384,-165.8652038442996,-1.0,10.0,train,37.77777777777778,73.33333333333333,80.0,51.11111111111111,62.22222222222222,0.6877777777777778,-5.039177203482773,0.6877777777777778
0.25,,0.5655029272116724,-170.21140481891285,-1.0,10.0,train,37.77777777777778,75.55555555555556,82.22222222222221,51.11111111111111,62.22222222222222,0.7077777777777777,-5.213129597570107,0.7077777777777777
0.35,,0.5823290109478217,-173.99935161089815,-1.0,10.0,train,40.0,73.33333333333333,86.66666666666667,51.11111111111111,62.22222222222222,0.7044444444444444,-5.460700224890565,0.7044444444444444
0.5,,0.5307860732656268,-179.03387073752123,-1.0,10.0,train,33.33333333333333,71.11111111111111,80.0,46.666666666666664,60.0,0.6722222222222223,-5.972863957044301,0.6722222222222223
0.001,,0.4791086180092991,-167.14006264106067,-1.0,11.0,train,26.666666666666668,66.66666666666666,77.77777777777779,42.22222222222222,51.11111111111111,0.6266666666666667,-6.135127649215744,0.6266666666666667
0.005,,0.4791086180092991,-167.40121637215418,-1.0,11.0,train,26.666666666666668,66.66666666666666,77.77777777777779,42.22222222222222,51.11111111111111,0.6266666666666667,-6.128731901508342,0.6266666666666667
0.01,,0.47988347095733874,-167.7177696381812,-1.0,11.0,train,26.666666666666668,64.44444444444444,77.77777777777779,42.22222222222222,51.11111111111111,0.6255555555555555,-6.120903199791156,0.6255555555555555
0.05,,0.4825496632612387,-169.9556275800801,-1.0,11.0,train,26.666666666666668,64.44444444444444,80.0,42.22222222222222,51.11111111111111,0.6277777777777778,-6.0647788752794645,0.6277777777777778
0.1,,0.4895671157685706,-172.28306963066254,-1.0,11.0,train,26.666666666666668,66.66666666666666,82.22222222222221,42.22222222222222,51.11111111111111,0.6355555555555555,-6.010321635079831,0.6355555555555555
0.15,,0.4891412071171954,-174.29963396075425,-1.0,11.0,train,26.666666666666668,66.66666666666666,82.22222222222221,42.22222222222222,51.11111111111111,0.6355555555555555,-5.972562941627583,0.6355555555555555
0.25,,0.4921368939861074,-177.7698411775876,-1.0,11.0,train,26.666666666666668,68.88888888888889,82.22222222222221,42.22222222222222,51.11111111111111,0.6533333333333333,-5.945056492610211,0.6533333333333333
0.35,,0.49089475779596625,-180.76972416243333,-1.0,11.0,train,26.666666666666668,64.44444444444444,82.22222222222221,42.22222222222222,53.333333333333336,0.6411111111111111,-5.980062818750988,0.6411111111111111
0.5,,0.48481033127371154,-184.74151975236782,-1.0,11.0,train,26.666666666666668,66.66666666666666,77.77777777777779,44.44444444444444,55.55555555555556,0.6455555555555555,-6.152281106522071,0.6455555555555555
0.001,,0.5400877459638161,-156.01990053227368,-1.0,12.0,train,28.888888888888886,75.55555555555556,80.0,53.333333333333336,68.88888888888889,0.7,-4.851448221454034,0.7
0.005,,0.5402066228056334,-156.23221793911156,-1.0,12.0,train,28.888888888888886,75.55555555555556,80.0,53.333333333333336,68.88888888888889,0.7011111111111111,-4.854839434365033,0.7011111111111111
0.01,,0.5412041295399717,-156.4931583667442,-1.0,12.0,train,28.888888888888886,75.55555555555556,80.0,53.333333333333336,68.88888888888889,0.7022222222222222,-4.859295203008916,0.7022222222222222
0.05,,0.5476373390552801,-158.43038338065995,-1.0,12.0,train,28.888888888888886,75.55555555555556,82.22222222222221,55.55555555555556,68.88888888888889,0.7066666666666667,-4.903440938074991,0.7066666666666667
0.1,,0.5529641844125162,-160.56924356084102,-1.0,12.0,train,28.888888888888886,77.77777777777779,84.44444444444444,53.333333333333336,68.88888888888889,0.7144444444444444,-4.979152707299632,0.7144444444444444
0.15,,0.5629882753147899,-162.4887556978612,-1.0,12.0,train,31.11111111111111,77.77777777777779,84.44444444444444,53.333333333333336,68.88888888888889,0.7222222222222222,-5.076727763413571,0.7222222222222222
0.25,,0.5586341635061942,-165.88551877750226,-1.0,12.0,train,31.11111111111111,80.0,84.44444444444444,51.11111111111111,66.66666666666666,0.7255555555555555,-5.33481481123651,0.7255555555555555
0.35,,0.5405405538613016,-168.88895292094762,-1.0,12.0,train,28.888888888888886,71.11111111111111,84.44444444444444,51.11111111111111,62.22222222222222,0.7033333333333334,-5.674915530572526,0.7033333333333334
0.5,,0.5093198307977903,-172.9402970405521,-1.0,12.0,train,24.444444444444443,71.11111111111111,82.22222222222221,48.888888888888886,60.0,0.6711111111111111,-6.3420338683739,0.6711111111111111
0.001,,0.5576802224519036,-139.05769985043617,-1.0,13.0,train,33.33333333333333,75.55555555555556,77.77777777777779,53.333333333333336,64.44444444444444,0.6955555555555556,-4.8835605595775435,0.6955555555555556
0.005,,0.5576802224519036,-139.22623135079573,-1.0,13.0,train,33.33333333333333,75.55555555555556,77.77777777777779,53.333333333333336,64.44444444444444,0.6955555555555556,-4.883602100259054,0.6955555555555556
0.01,,0.5589458987335623,-139.43450035990503,-1.0,13.0,train,33.33333333333333,75.55555555555556,77.77777777777779,53.333333333333336,64.44444444444444,0.6966666666666667,-4.883799125309455,0.6966666666666667
0.05,,0.5623108900626439,-141.01724601790153,-1.0,13.0,train,33.33333333333333,75.55555555555556,80.0,55.55555555555556,64.44444444444444,0.6988888888888889,-4.891108207213013,0.6988888888888889
0.1,,0.5651438515270298,-142.83016923266533,-1.0,13.0,train,33.33333333333333,75.55555555555556,80.0,55.55555555555556,64.44444444444444,0.7022222222222222,-4.914283839604224,0.7022222222222222
0.15,,0.5717275919988928,-144.5054621726413,-1.0,13.0,train,33.33333333333333,77.77777777777779,82.22222222222221,55.55555555555556,64.44444444444444,0.7144444444444444,-4.952694069328001,0.7144444444444444
0.25,,0.5801041483972866,-147.55760826243778,-1.0,13.0,train,33.33333333333333,82.22222222222221,86.66666666666667,55.55555555555556,64.44444444444444,0.7255555555555555,-5.074400944809555,0.7255555555555555
0.35,,0.5644156216588473,-150.3255896267983,-1.0,13.0,train,31.11111111111111,75.55555555555556,86.66666666666667,53.333333333333336,60.0,0.7077777777777777,-5.2560501984545045,0.7077777777777777
0.5,,0.5382157785994999,-154.12583106659397,-1.0,13.0,train,28.888888888888886,73.33333333333333,82.22222222222221,48.888888888888886,55.55555555555556,0.6844444444444444,-5.646484683420842,0.6844444444444444
0.001,,0.4403970663877272,-183.44940392711337,-1.0,14.0,train,24.444444444444443,62.22222222222222,71.11111111111111,33.33333333333333,53.333333333333336,0.5866666666666667,-6.794805666448003,0.5866666666666667
0.005,,0.4323143821977991,-183.67646270434676,-1.0,14.0,train,22.22222222222222,62.22222222222222,71.11111111111111,33.33333333333333,53.333333333333336,0.5866666666666667,-6.791043596646998,0.5866666666666667
0.01,,0.432401078076984,-183.9556459166257,-1.0,14.0,train,22.22222222222222,62.22222222222222,71.11111111111111,33.33333333333333,53.333333333333336,0.5866666666666667,-6.786542320204622,0.5866666666666667
0.05,,0.4330087974757521,-186.03406557764072,-1.0,14.0,train,22.22222222222222,62.22222222222222,73.33333333333333,35.55555555555556,53.333333333333336,0.5877777777777777,-6.758420649024232,0.5877777777777777
0.1,,0.43499146987923515,-188.3421150954545,-1.0,14.0,train,22.22222222222222,62.22222222222222,73.33333333333333,33.33333333333333,53.333333333333336,0.5922222222222222,-6.742291767754434,0.5922222222222222
0.15,,0.4328253069240445,-190.42394145456728,-1.0,14.0,train,22.22222222222222,62.22222222222222,73.33333333333333,33.33333333333333,51.11111111111111,0.5877777777777777,-6.746363592708416,0.5877777777777777
0.25,,0.43172988652344185,-194.1229317198834,-1.0,14.0,train,22.22222222222222,64.44444444444444,75.55555555555556,33.33333333333333,51.11111111111111,0.5944444444444444,-6.812358610472536,0.5944444444444444
0.35,,0.42855953737266433,-197.39698775562525,-1.0,14.0,train,22.22222222222222,60.0,75.55555555555556,33.33333333333333,48.888888888888886,0.5888888888888889,-6.953155747577189,0.5888888888888889
0.5,,0.4225614050959067,-201.7949318964655,-1.0,14.0,train,22.22222222222222,60.0,73.33333333333333,35.55555555555556,48.888888888888886,0.5577777777777778,-7.305759541024056,0.5577777777777778
0.001,,0.534657168122328,-167.26236935774563,-1.0,15.0,train,26.666666666666668,73.33333333333333,84.44444444444444,48.888888888888886,60.0,0.68,-4.415390237236777,0.68
0.005,,0.534657168122328,-167.46352017094404,-1.0,15.0,train,26.666666666666668,73.33333333333333,84.44444444444444,48.888888888888886,60.0,0.68,-4.417604235273039,0.68
0.01,,0.534657168122328,-167.71160666827444,-1.0,15.0,train,26.666666666666668,73.33333333333333,84.44444444444444,48.888888888888886,60.0,0.68,-4.420487524652331,0.68
0.05,,0.5387375598216224,-169.57986493589837,-1.0,15.0,train,26.666666666666668,75.55555555555556,84.44444444444444,51.11111111111111,62.22222222222222,0.6933333333333334,-4.448143640921197,0.6933333333333334
0.1,,0.5460624021662064,-171.6854696928692,-1.0,15.0,train,26.666666666666668,77.77777777777779,86.66666666666667,51.11111111111111,62.22222222222222,0.7055555555555556,-4.494026471815004,0.7055555555555556
0.15,,0.5472513894258553,-173.601731729659,-1.0,15.0,train,26.666666666666668,80.0,86.66666666666667,51.11111111111111,62.22222222222222,0.71,-4.5523053843932315,0.71
0.25,,0.5579621398045465,-177.02689658543116,-1.0,15.0,train,26.666666666666668,82.22222222222221,91.11111111111111,48.888888888888886,62.22222222222222,0.7377777777777778,-4.705900492192901,0.7377777777777778
0.35,,0.5537260080902755,-180.0639557798659,-1.0,15.0,train,24.444444444444443,82.22222222222221,91.11111111111111,48.888888888888886,64.44444444444444,0.7466666666666667,-4.909799829656849,0.7466666666666667
0.5,,0.5253247643942199,-184.12605464533698,-1.0,15.0,train,22.22222222222222,75.55555555555556,88.88888888888889,44.44444444444444,55.55555555555556,0.7022222222222222,-5.31679808691623,0.7022222222222222
0.001,,0.6331049155482803,-140.81602260632758,-1.0,16.0,train,40.0,84.44444444444444,91.11111111111111,60.0,64.44444444444444,0.7866666666666666,-2.8981491081072663,0.7866666666666666
0.005,,0.6275493599927248,-141.0560300616489,-1.0,16.0,train,40.0,84.44444444444444,91.11111111111111,60.0,64.44444444444444,0.7855555555555556,-2.910699209396055,0.7855555555555556
0.01,,0.6275493599927248,-141.3502039836961,-1.0,16.0,train,40.0,84.44444444444444,91.11111111111111,60.0,64.44444444444444,0.7855555555555556,-2.9264914999272267,0.7855555555555556
0.05,,0.6301545648761784,-143.51995207631282,-1.0,16.0,train,40.0,84.44444444444444,91.11111111111111,60.0,66.66666666666666,0.79,-3.057050595045323,0.79
0.1,,0.631302777467388,-145.9116140320913,-1.0,16.0,train,40.0,84.44444444444444,91.11111111111111,60.0,68.88888888888889,0.7922222222222223,-3.2309974331225826,0.7922222222222223
0.15,,0.6321302149225587,-148.06615027283422,-1.0,16.0,train,40.0,84.44444444444444,91.11111111111111,60.0,71.11111111111111,0.7933333333333333,-3.417282833571984,0.7933333333333333
0.25,,0.6328975613983966,-151.90040004553447,-1.0,16.0,train,40.0,86.66666666666667,91.11111111111111,57.77777777777777,71.11111111111111,0.7955555555555556,-3.829155777252188,0.7955555555555556
0.35,,0.6239474052503806,-155.30667703399507,-1.0,16.0,train,40.0,84.44444444444444,91.11111111111111,57.77777777777777,68.88888888888889,0.7766666666666666,-4.298713915170299,0.7766666666666666
0.5,,0.5818704100915649,-159.91333900963534,-1.0,16.0,train,33.33333333333333,77.77777777777779,86.66666666666667,55.55555555555556,66.66666666666666,0.7433333333333333,-5.1323181518799705,0.7433333333333333
0.001,,0.547259703628705,-132.33388913263758,-1.0,17.0,train,33.33333333333333,73.33333333333333,84.44444444444444,44.44444444444444,62.22222222222222,0.7022222222222222,-4.035784017278108,0.7022222222222222
0.005,,0.5391770194387767,-132.54845514070269,-1.0,17.0,train,31.11111111111111,73.33333333333333,84.44444444444444,44.44444444444444,62.22222222222222,0.7022222222222222,-4.038769726226174,0.7022222222222222
0.01,,0.5395857393753992,-132.81172658495623,-1.0,17.0,train,31.11111111111111,73.33333333333333,84.44444444444444,44.44444444444444,62.22222222222222,0.7033333333333334,-4.042608836512139,0.7033333333333334
0.05,,0.5458900998567118,-134.75722968490376,-1.0,17.0,train,31.11111111111111,77.77777777777779,84.44444444444444,46.666666666666664,64.44444444444444,0.7155555555555555,-4.077513961687953,0.7155555555555555
0.1,,0.5456232157330843,-136.89730743549828,-1.0,17.0,train,31.11111111111111,77.77777777777779,84.44444444444444,46.666666666666664,66.66666666666666,0.7155555555555555,-4.131252379784268,0.7155555555555555
0.15,,0.5458900998567118,-138.81442692001542,-1.0,17.0,train,31.11111111111111,77.77777777777779,84.44444444444444,46.666666666666664,66.66666666666666,0.7155555555555555,-4.195708434799263,0.7155555555555555
0.25,,0.5450003638731803,-142.19347622816622,-1.0,17.0,train,31.11111111111111,80.0,84.44444444444444,46.666666666666664,66.66666666666666,0.72,-4.35516694879305,0.72
0.35,,0.5494925381544726,-145.1541205162227,-1.0,17.0,train,31.11111111111111,80.0,86.66666666666667,46.666666666666664,64.44444444444444,0.7277777777777777,-4.5536687849049065,0.7277777777777777
0.5,,0.5450329972840744,-149.07782491211594,-1.0,17.0,train,31.11111111111111,82.22222222222221,86.66666666666667,44.44444444444444,66.66666666666666,0.7266666666666667,-4.923030989902688,0.7266666666666667
0.001,,0.5307114864808722,-163.16031856109092,-1.0,18.0,train,33.33333333333333,73.33333333333333,84.44444444444444,44.44444444444444,46.666666666666664,0.6677777777777778,-6.741095221075034,0.6677777777777778
0.005,,0.522628802290944,-163.45545548132003,-1.0,18.0,train,31.11111111111111,73.33333333333333,84.44444444444444,44.44444444444444,46.666666666666664,0.6677777777777778,-6.731419464725383,0.6677777777777778
0.01,,0.522137978957325,-163.81274437269445,-1.0,18.0,train,31.11111111111111,71.11111111111111,84.44444444444444,44.44444444444444,46.666666666666664,0.6655555555555556,-6.719548827846185,0.6655555555555556
0.05,,0.5151718318296306,-166.32064169820913,-1.0,18.0,train,31.11111111111111,73.33333333333333,82.22222222222221,44.44444444444444,48.888888888888886,0.6555555555555556,-6.633288535096906,0.6555555555555556
0.1,,0.5149143525619722,-168.88866001585845,-1.0,18.0,train,31.11111111111111,73.33333333333333,82.22222222222221,42.22222222222222,48.888888888888886,0.6611111111111111,-6.546128144144751,0.6611111111111111
0.15,,0.515152833359828,-171.07689559027128,-1.0,18.0,train,31.11111111111111,73.33333333333333,82.22222222222221,42.22222222222222,48.888888888888886,0.6588888888888889,-6.48044111025171,0.6588888888888889
0.25,,0.5100997786240226,-174.75994705126777,-1.0,18.0,train,31.11111111111111,75.55555555555556,82.22222222222221,42.22222222222222,48.888888888888886,0.6677777777777778,-6.408838854438319,0.6655555555555556
0.35,,0.5050179170420468,-177.8582099668109,-1.0,18.0,train,28.888888888888886,75.55555555555556,82.22222222222221,44.44444444444444,51.11111111111111,0.67,-6.411909237643333,0.67
0.5,,0.47101097435122086,-181.83101912174592,-1.0,18.0,train,26.666666666666668,68.88888888888889,80.0,37.77777777777778,46.666666666666664,0.6255555555555555,-6.550665416741918,0.6255555555555555
0.001,,0.5025342956915407,-164.0703233288693,-1.0,19.0,train,22.22222222222222,71.11111111111111,84.44444444444444,48.888888888888886,60.0,0.6688888888888889,-4.732546107229814,0.6688888888888889
0.005,,0.502653172533358,-164.2092712537659,-1.0,19.0,train,22.22222222222222,71.11111111111111,84.44444444444444,48.888888888888886,60.0,0.67,-4.738230983666253,0.67
0.01,,0.502653172533358,-164.38179090096014,-1.0,19.0,train,22.22222222222222,71.11111111111111,84.44444444444444,48.888888888888886,60.0,0.67,-4.745459986734056,0.67
0.05,,0.5114701581955199,-165.71860940103443,-1.0,19.0,train,22.22222222222222,71.11111111111111,86.66666666666667,48.888888888888886,60.0,0.68,-4.808206797256141,0.68
0.1,,0.5176315120910518,-167.29485665168215,-1.0,19.0,train,22.22222222222222,73.33333333333333,88.88888888888889,48.888888888888886,60.0,0.6911111111111111,-4.898961524578099,0.6911111111111111
0.15,,0.518376215953338,-168.78380099143587,-1.0,19.0,train,22.22222222222222,75.55555555555556,88.88888888888889,48.888888888888886,60.0,0.6933333333333334,-5.003562608908991,0.6933333333333334
0.25,,0.5166368278521049,-171.55670574786592,-1.0,19.0,train,22.22222222222222,75.55555555555556,88.88888888888889,46.666666666666664,60.0,0.6944444444444444,-5.255713553430881,0.6944444444444444
0.35,,0.5230480759030056,-174.12564418599484,-1.0,19.0,train,24.444444444444443,73.33333333333333,88.88888888888889,44.44444444444444,62.22222222222222,0.6933333333333334,-5.569237115486604,0.6933333333333334
0.5,,0.49858799564099443,-177.73071161850126,-1.0,19.0,train,22.22222222222222,73.33333333333333,86.66666666666667,42.22222222222222,55.55555555555556,0.6844444444444444,-6.1737021099369,0.6844444444444444
0.001,,0.5027434386884696,-171.29134101417432,-1.0,20.0,train,26.666666666666668,68.88888888888889,75.55555555555556,48.888888888888886,55.55555555555556,0.6444444444444445,-4.334818996669041,0.6444444444444445
0.005,,0.4945418776567242,-171.51080296886371,-1.0,20.0,train,24.444444444444443,68.88888888888889,75.55555555555556,48.888888888888886,55.55555555555556,0.6433333333333333,-4.342439306870018,0.6433333333333333
0.01,,0.495316730604764,-171.77773928510567,-1.0,20.0,train,24.444444444444443,66.66666666666666,75.55555555555556,48.888888888888886,55.55555555555556,0.6422222222222222,-4.352099793671978,0.6422222222222222
0.05,,0.4945565248320349,-173.69284763220526,-1.0,20.0,train,24.444444444444443,71.11111111111111,75.55555555555556,48.888888888888886,57.77777777777777,0.6455555555555555,-4.434765741265848,0.6455555555555555
0.1,,0.49602381514581556,-175.7341319397457,-1.0,20.0,train,24.444444444444443,71.11111111111111,75.55555555555556,48.888888888888886,57.77777777777777,0.65,-4.551494745133258,0.65
0.15,,0.4954060475819396,-177.54018313716145,-1.0,20.0,train,24.444444444444443,71.11111111111111,75.55555555555556,48.888888888888886,55.55555555555556,0.65,-4.683125416392976,0.65
0.25,,0.5028762098953248,-180.71990938340733,-1.0,20.0,train,24.444444444444443,75.55555555555556,80.0,48.888888888888886,53.333333333333336,0.6777777777777778,-4.991972238781898,0.6777777777777778
0.35,,0.49809147692669686,-183.5322628889243,-1.0,20.0,train,20.0,75.55555555555556,82.22222222222221,51.11111111111111,55.55555555555556,0.6777777777777778,-5.364924060260306,0.6777777777777778
0.5,,0.4568489565829032,-187.33490430677793,-1.0,20.0,train,20.0,66.66666666666666,75.55555555555556,44.44444444444444,51.11111111111111,0.6022222222222222,-6.0617914739384515,0.6022222222222222
0.001,,0.5794671943981023,-162.4028834611995,-1.0,21.0,train,31.11111111111111,80.0,91.11111111111111,57.77777777777777,62.22222222222222,0.7455555555555555,-4.366077572654066,0.7455555555555555
0.005,,0.5795860712399196,-162.67203991078713,-1.0,21.0,train,31.11111111111111,80.0,91.11111111111111,57.77777777777777,62.22222222222222,0.7466666666666667,-4.383118841930765,0.7466666666666667
0.01,,0.5792357982956028,-163.00145954081952,-1.0,21.0,train,31.11111111111111,77.77777777777779,91.11111111111111,57.77777777777777,62.22222222222222,0.7455555555555555,-4.404560895160259,0.7455555555555555
0.05,,0.5753590429620327,-165.41661619433984,-1.0,21.0,train,31.11111111111111,77.77777777777779,88.88888888888889,57.77777777777777,62.22222222222222,0.7411111111111112,-4.581768064847331,0.7411111111111112
0.1,,0.5781526262782811,-168.0566607969361,-1.0,21.0,train,31.11111111111111,82.22222222222221,88.88888888888889,57.77777777777777,64.44444444444444,0.7522222222222222,-4.817751458954628,0.7522222222222222
0.15,,0.5758776794118112,-170.42415712767658,-1.0,21.0,train,31.11111111111111,82.22222222222221,88.88888888888889,55.55555555555556,64.44444444444444,0.7488888888888889,-5.070417348079564,0.7488888888888889
0.25,,0.5710922129757319,-174.6342191993194,-1.0,21.0,train,31.11111111111111,80.0,88.88888888888889,55.55555555555556,60.0,0.75,-5.629245918025052,0.75
0.35,,0.5785705717183265,-178.39264763865876,-1.0,21.0,train,33.33333333333333,80.0,88.88888888888889,55.55555555555556,62.22222222222222,0.74,-6.26736427437697,0.74
0.5,,0.527700223921498,-183.53864275236046,-1.0,21.0,train,28.888888888888886,75.55555555555556,84.44444444444444,46.666666666666664,60.0,0.6833333333333333,-7.4050708504727245,0.6833333333333333
0.001,,0.550089421506735,-148.93143150295154,-1.0,22.0,train,31.11111111111111,77.77777777777779,80.0,51.11111111111111,66.66666666666666,0.7122222222222222,-6.465986151892085,0.7122222222222222
0.005,,0.5433072624361072,-149.1528590089046,-1.0,22.0,train,31.11111111111111,77.77777777777779,80.0,48.888888888888886,66.66666666666666,0.71,-6.462181583184343,0.71
0.01,,0.5445338659511795,-149.42593718665822,-1.0,22.0,train,31.11111111111111,77.77777777777779,80.0,51.11111111111111,66.66666666666666,0.7111111111111111,-6.457741506958079,0.7111111111111111
0.05,,0.5445338659511795,-151.48120924799318,-1.0,22.0,train,31.11111111111111,77.77777777777779,80.0,51.11111111111111,66.66666666666666,0.7111111111111111,-6.434058734825083,0.7111111111111111
0.1,,0.5507953278682765,-153.79356514703014,-1.0,22.0,train,31.11111111111111,77.77777777777779,82.22222222222221,48.888888888888886,68.88888888888889,0.7177777777777777,-6.430938951077896,0.7177777777777777
0.15,,0.5518098587943665,-155.893494979756,-1.0,22.0,train,31.11111111111111,80.0,82.22222222222221,48.888888888888886,68.88888888888889,0.7233333333333334,-6.453412982829735,0.7233333333333334
0.25,,0.563847625037088,-159.63737477708315,-1.0,22.0,train,31.11111111111111,82.22222222222221,88.88888888888889,46.666666666666664,68.88888888888889,0.7355555555555555,-6.564542351765305,0.7355555555555555
0.35,,0.5635386438357765,-162.950968379563,-1.0,22.0,train,31.11111111111111,80.0,91.11111111111111,46.666666666666664,68.88888888888889,0.7377777777777778,-6.753447698276834,0.7377777777777778
0.5,,0.5143299405981416,-167.38576131621755,-1.0,22.0,train,24.444444444444443,77.77777777777779,86.66666666666667,44.44444444444444,60.0,0.7077777777777777,-7.169758530561932,0.7077777777777777
0.001,,0.4682857138515699,-172.46954255999916,-1.0,23.0,train,24.444444444444443,66.66666666666666,80.0,40.0,48.888888888888886,0.6288888888888889,-6.269103358506501,0.6288888888888889
0.005,,0.4684045906933871,-172.71484827224953,-1.0,23.0,train,24.444444444444443,66.66666666666666,80.0,40.0,48.888888888888886,0.63,-6.2720231289512665,0.63
0.01,,0.4684045906933871,-173.0156493509841,-1.0,23.0,train,24.444444444444443,66.66666666666666,80.0,40.0,48.888888888888886,0.63,-6.275868662748428,0.63
0.05,,0.4723634552201195,-175.23329775967156,-1.0,23.0,train,24.444444444444443,71.11111111111111,80.0,40.0,51.11111111111111,0.6411111111111111,-6.31443161165023,0.6411111111111111
0.1,,0.4735116678113291,-177.6675690791478,-1.0,23.0,train,24.444444444444443,71.11111111111111,80.0,40.0,53.333333333333336,0.6433333333333333,-6.382041413387952,0.6433333333333333
0.15,,0.47383079740484,-179.85054346889362,-1.0,23.0,train,24.444444444444443,71.11111111111111,80.0,40.0,55.55555555555556,0.6433333333333333,-6.471238524026828,0.6433333333333333
0.25,,0.47997171394953686,-183.72288123044584,-1.0,23.0,train,24.444444444444443,71.11111111111111,82.22222222222221,37.77777777777778,55.55555555555556,0.6488888888888888,-6.71570614327509,0.6488888888888888
0.35,,0.47679797404372154,-187.1659172145393,-1.0,23.0,train,24.444444444444443,71.11111111111111,82.22222222222221,37.77777777777778,57.77777777777777,0.6433333333333333,-7.053093957520015,0.6433333333333333
0.5,,0.430957142702372,-191.85926965273134,-1.0,23.0,train,17.77777777777778,71.11111111111111,82.22222222222221,31.11111111111111,51.11111111111111,0.6244444444444445,-7.757430071860271,0.6244444444444445
0.001,,0.6003364311767942,-143.25045250240015,-1.0,24.0,train,35.55555555555556,82.22222222222221,86.66666666666667,60.0,68.88888888888889,0.7644444444444445,-4.868048801672709,0.7644444444444445
0.005,,0.6003364311767942,-143.53706382339985,-1.0,24.0,train,35.55555555555556,82.22222222222221,86.66666666666667,60.0,68.88888888888889,0.7644444444444445,-4.871597850109521,0.7644444444444445
0.01,,0.6007451511134168,-143.88608378706502,-1.0,24.0,train,35.55555555555556,82.22222222222221,86.66666666666667,60.0,68.88888888888889,0.7655555555555555,-4.8761844098395475,0.7655555555555555
0.05,,0.6016718635888926,-146.39511754278476,-1.0,24.0,train,35.55555555555556,84.44444444444444,86.66666666666667,60.0,68.88888888888889,0.7711111111111111,-4.918850780263012,0.7711111111111111
0.1,,0.6024993010440635,-149.06035947779333,-1.0,24.0,train,35.55555555555556,84.44444444444444,86.66666666666667,60.0,71.11111111111111,0.7722222222222223,-4.986997375313101,0.7722222222222223
0.15,,0.600864917756868,-151.39863848786055,-1.0,24.0,train,35.55555555555556,84.44444444444444,86.66666666666667,60.0,68.88888888888889,0.77,-5.071530899440262,0.77
0.25,,0.5972472532758663,-155.46035862937183,-1.0,24.0,train,35.55555555555556,82.22222222222221,86.66666666666667,60.0,68.88888888888889,0.7633333333333333,-5.290334920568725,0.7633333333333333
0.35,,0.576113973508037,-158.99642811404317,-1.0,24.0,train,31.11111111111111,82.22222222222221,84.44444444444444,60.0,68.88888888888889,0.7511111111111111,-5.578400053182919,0.7511111111111111
0.5,,0.5519055800134068,-163.70982780915654,-1.0,24.0,train,28.888888888888886,73.33333333333333,86.66666666666667,51.11111111111111,64.44444444444444,0.6944444444444444,-6.15692191459043,0.6944444444444444
0.001,,0.5454330555686138,-164.1668747272572,-1.0,25.0,train,33.33333333333333,71.11111111111111,77.77777777777779,51.11111111111111,66.66666666666666,0.6866666666666666,-7.9665211023343225,0.6866666666666666
0.005,,0.5454330555686138,-164.37725616410063,-1.0,25.0,train,33.33333333333333,71.11111111111111,77.77777777777779,51.11111111111111,66.66666666666666,0.6866666666666666,-7.956732381253196,0.6866666666666666
0.01,,0.5451671629164785,-164.63613778031362,-1.0,25.0,train,33.33333333333333,71.11111111111111,77.77777777777779,51.11111111111111,66.66666666666666,0.6855555555555556,-7.9449101861390785,0.6855555555555556
0.05,,0.543250586792021,-166.5703161544086,-1.0,25.0,train,33.33333333333333,71.11111111111111,77.77777777777779,51.11111111111111,68.88888888888889,0.6844444444444444,-7.865958012967673,0.6844444444444444
0.1,,0.5473360645222011,-168.73143383650972,-1.0,25.0,train,33.33333333333333,71.11111111111111,80.0,51.11111111111111,68.88888888888889,0.6844444444444444,-7.802691624535313,0.6844444444444444
0.15,,0.543831400665773,-170.69134588044403,-1.0,25.0,train,33.33333333333333,71.11111111111111,80.0,48.888888888888886,64.44444444444444,0.6822222222222222,-7.774315294228215,0.6822222222222222
0.25,,0.5469334937440153,-174.19541528568593,-1.0,25.0,train,33.33333333333333,73.33333333333333,82.22222222222221,48.888888888888886,64.44444444444444,0.7,-7.810020921373717,0.7
0.35,,0.5332242226697249,-177.31769918709477,-1.0,25.0,train,28.888888888888886,71.11111111111111,82.22222222222221,48.888888888888886,62.22222222222222,0.6977777777777778,-7.957510811945301,0.6977777777777778
0.5,,0.47037541423871704,-181.53972945760395,-1.0,25.0,train,22.22222222222222,66.66666666666666,77.77777777777779,42.22222222222222,51.11111111111111,0.6233333333333333,-8.377776900840187,0.6233333333333333
0.001,,0.5791056460982407,-184.0787621199901,-1.0,26.0,train,37.77777777777778,73.33333333333333,82.22222222222221,57.77777777777777,60.0,0.7011111111111111,-4.174404968557497,0.7011111111111111
0.005,,0.5653485295109397,-184.41520983453364,-1.0,26.0,train,35.55555555555556,73.33333333333333,82.22222222222221,57.77777777777777,60.0,0.6988888888888889,-4.188351451568636,0.6988888888888889
0.01,,0.5654890799002419,-184.8246951329511,-1.0,26.0,train,35.55555555555556,73.33333333333333,82.22222222222221,57.77777777777777,60.0,0.7,-4.205947190471353,0.7
0.05,,0.5690196060609312,-187.76248510352627,-1.0,26.0,train,35.55555555555556,75.55555555555556,82.22222222222221,57.77777777777777,62.22222222222222,0.7088888888888889,-4.353087058354193,0.7088888888888889
0.1,,0.5771905766029662,-190.87758705450915,-1.0,26.0,train,35.55555555555556,77.77777777777779,84.44444444444444,57.77777777777777,62.22222222222222,0.72,-4.552424934726359,0.72
0.15,,0.5890227609583398,-193.61235657631653,-1.0,26.0,train,37.77777777777778,80.0,84.44444444444444,57.77777777777777,64.44444444444444,0.7322222222222222,-4.768268072335049,0.7322222222222222
0.25,,0.5870502791315696,-198.37894183215604,-1.0,26.0,train,37.77777777777778,80.0,88.88888888888889,55.55555555555556,62.22222222222222,0.7333333333333333,-5.248125371403312,0.7333333333333333
0.35,,0.5769210688361611,-202.55051086143712,-1.0,26.0,train,35.55555555555556,77.77777777777779,91.11111111111111,53.333333333333336,62.22222222222222,0.7333333333333333,-5.792091895268695,0.7333333333333333
0.5,,0.5260615875144614,-208.13174691003275,-1.0,26.0,train,31.11111111111111,66.66666666666666,88.88888888888889,44.44444444444444,53.333333333333336,0.66,-6.734078149189156,0.66
0.001,,0.6058204349265622,-162.746841156222,-1.0,27.0,train,40.0,77.77777777777779,86.66666666666667,55.55555555555556,66.66666666666666,0.7433333333333333,-5.6725839525554065,0.7433333333333333
0.005,,0.6058204349265622,-163.07425803027073,-1.0,27.0,train,40.0,77.77777777777779,86.66666666666667,55.55555555555556,66.66666666666666,0.7433333333333333,-5.668031116532219,0.7433333333333333
0.01,,0.6068179416609005,-163.4726181997152,-1.0,27.0,train,40.0,77.77777777777779,86.66666666666667,55.55555555555556,66.66666666666666,0.7444444444444445,-5.662549386960378,0.7444444444444445
0.05,,0.6134790646265033,-166.32053787834457,-1.0,27.0,train,40.0,80.0,88.88888888888889,55.55555555555556,66.66666666666666,0.7544444444444445,-5.626786045756965,0.7544444444444445
0.1,,0.6172409947907246,-169.30902653986493,-1.0,27.0,train,40.0,82.22222222222221,88.88888888888889,55.55555555555556,66.66666666666666,0.7622222222222222,-5.601104857616995,0.7622222222222222
0.15,,0.6276762724097836,-171.8987308368446,-1.0,27.0,train,42.22222222222222,82.22222222222221,88.88888888888889,55.55555555555556,68.88888888888889,0.7677777777777778,-5.594921987039534,0.7677777777777778
0.25,,0.6279798969196219,-176.32916613848383,-1.0,27.0,train,42.22222222222222,84.44444444444444,93.33333333333333,53.333333333333336,66.66666666666666,0.77,-5.635851626473289,0.77
0.35,,0.6171978409843218,-180.11683900443896,-1.0,27.0,train,40.0,80.0,95.55555555555556,51.11111111111111,66.66666666666666,0.7633333333333333,-5.741937479111707,0.7633333333333333
0.5,,0.5541023412599511,-185.0510820689128,-1.0,27.0,train,33.33333333333333,77.77777777777779,91.11111111111111,44.44444444444444,57.77777777777777,0.7011111111111111,-6.014596513668344,0.7011111111111111
0.001,,0.5605370956341674,-170.27123721702617,-1.0,28.0,train,33.33333333333333,73.33333333333333,84.44444444444444,53.333333333333336,64.44444444444444,0.7044444444444444,-4.541182205025624,0.7044444444444444
0.005,,0.5467799790468665,-170.55019297085576,-1.0,28.0,train,31.11111111111111,73.33333333333333,84.44444444444444,53.333333333333336,64.44444444444444,0.7022222222222222,-4.541832179093573,0.7022222222222222
0.01,,0.5464297061025497,-170.89007906887934,-1.0,28.0,train,31.11111111111111,71.11111111111111,84.44444444444444,53.333333333333336,64.44444444444444,0.7011111111111111,-4.542737256248592,0.7011111111111111
0.05,,0.5432016840622687,-173.33776800493786,-1.0,28.0,train,31.11111111111111,73.33333333333333,82.22222222222221,55.55555555555556,64.44444444444444,0.6955555555555556,-4.553646885051264,0.6955555555555556
0.1,,0.5467043202412947,-175.94190063816623,-1.0,28.0,train,31.11111111111111,75.55555555555556,82.22222222222221,55.55555555555556,64.44444444444444,0.7011111111111111,-4.576304977144496,0.7011111111111111
0.15,,0.5576683973451597,-178.22595072780254,-1.0,28.0,train,33.33333333333333,75.55555555555556,82.22222222222221,55.55555555555556,66.66666666666666,0.7077777777777777,-4.608783172748267,0.7077777777777777
0.25,,0.5419084588450288,-182.18087042120837,-1.0,28.0,train,33.33333333333333,75.55555555555556,82.22222222222221,51.11111111111111,64.44444444444444,0.6977777777777778,-4.7026170269048855,0.6955555555555556
0.35,,0.5326665651398578,-185.59576716339012,-1.0,28.0,train,31.11111111111111,73.33333333333333,84.44444444444444,51.11111111111111,60.0,0.6855555555555556,-4.834526382500318,0.6855555555555556
0.5,,0.5146292622036069,-190.0696596589881,-1.0,28.0,train,28.888888888888886,66.66666666666666,82.22222222222221,46.666666666666664,60.0,0.64,-5.10443942282132,0.64
0.001,,0.5178019857496007,-151.73938052105382,-1.0,29.0,train,31.11111111111111,68.88888888888889,80.0,48.888888888888886,55.55555555555556,0.6577777777777778,-6.061502782777689,0.6577777777777778
0.005,,0.5178019857496007,-151.99940484111946,-1.0,29.0,train,31.11111111111111,68.88888888888889,80.0,48.888888888888886,55.55555555555556,0.6577777777777778,-6.065492073247755,0.6577777777777778
0.01,,0.5178019857496007,-152.31578985444432,-1.0,29.0,train,31.11111111111111,68.88888888888889,80.0,48.888888888888886,55.55555555555556,0.6577777777777778,-6.070739558360753,0.6577777777777778
0.05,,0.5216671177602751,-154.58118463337885,-1.0,29.0,train,31.11111111111111,68.88888888888889,82.22222222222221,48.888888888888886,55.55555555555556,0.6622222222222223,-6.12295454974517,0.6622222222222223
0.1,,0.5226937992578553,-156.97139637439275,-1.0,29.0,train,31.11111111111111,68.88888888888889,82.22222222222221,46.666666666666664,57.77777777777777,0.6633333333333333,-6.213019322137626,0.6633333333333333
0.15,,0.5308953602896007,-159.05810576201944,-1.0,29.0,train,33.33333333333333,68.88888888888889,82.22222222222221,46.666666666666664,57.77777777777777,0.6644444444444444,-6.3297111290668875,0.6644444444444444
0.25,,0.5415547855587748,-162.67129629943204,-1.0,29.0,train,33.33333333333333,71.11111111111111,86.66666666666667,46.666666666666664,57.77777777777777,0.68,-6.6412564743471645,0.68
0.35,,0.5261324018759452,-165.81765976960887,-1.0,29.0,train,28.888888888888886,71.11111111111111,86.66666666666667,48.888888888888886,57.77777777777777,0.6788888888888889,-7.0582394985979455,0.6788888888888889
0.5,,0.4730697681432171,-170.03534005015234,-1.0,29.0,train,22.22222222222222,68.88888888888889,82.22222222222221,42.22222222222222,51.11111111111111,0.6422222222222222,-7.89921000357455,0.6422222222222222
0.001,,0.5717019795899085,-163.38194650978534,-1.0,30.0,train,35.55555555555556,77.77777777777779,86.66666666666667,57.77777777777777,62.22222222222222,0.7255555555555555,-5.0616912552393245,0.7255555555555555
0.005,,0.5635004185581631,-163.62143821192552,-1.0,30.0,train,33.33333333333333,77.77777777777779,86.66666666666667,57.77777777777777,62.22222222222222,0.7244444444444444,-5.062495442437245,0.7244444444444444
0.01,,0.5636409689474654,-163.91450581207664,-1.0,30.0,train,33.33333333333333,77.77777777777779,86.66666666666667,57.77777777777777,62.22222222222222,0.7255555555555555,-5.063653548240591,0.7255555555555555
0.05,,0.5619774583597292,-166.0643399349317,-1.0,30.0,train,33.33333333333333,77.77777777777779,84.44444444444444,55.55555555555556,64.44444444444444,0.7188888888888889,-5.078921390023342,0.7188888888888889
0.1,,0.5695856207922606,-168.42039311074174,-1.0,30.0,train,33.33333333333333,80.0,86.66666666666667,55.55555555555556,68.88888888888889,0.73,-5.112532756237878,0.73
0.15,,0.5703051390771442,-170.5377613276567,-1.0,30.0,train,33.33333333333333,80.0,86.66666666666667,53.333333333333336,71.11111111111111,0.7311111111111112,-5.161628124182507,0.7311111111111112
0.25,,0.5580836688117324,-174.3018360513515,-1.0,30.0,train,33.33333333333333,77.77777777777779,84.44444444444444,51.11111111111111,68.88888888888889,0.7277777777777777,-5.304237407976927,0.7277777777777777
0.35,,0.5555692867502777,-177.64107422225894,-1.0,30.0,train,33.33333333333333,77.77777777777779,84.44444444444444,48.888888888888886,68.88888888888889,0.7255555555555555,-5.504006151869863,0.7255555555555555
0.5,,0.5316719712695844,-182.1311324761417,-1.0,30.0,train,31.11111111111111,75.55555555555556,82.22222222222221,46.666666666666664,64.44444444444444,0.69,-5.909202240231253,0.6888888888888889
0.001,,0.45692845704721025,-172.66361165498807,-1.0,31.0,train,26.666666666666668,57.77777777777777,66.66666666666666,44.44444444444444,55.55555555555556,0.5655555555555556,-6.4100189412369515,0.5655555555555556
0.005,,0.45704733388902746,-172.91480345835774,-1.0,31.0,train,26.666666666666668,57.77777777777777,66.66666666666666,44.44444444444444,55.55555555555556,0.5666666666666667,-6.405705965110919,0.5666666666666667
0.01,,0.4571878842783297,-173.22113568751345,-1.0,31.0,train,26.666666666666668,57.77777777777777,66.66666666666666,44.44444444444444,55.55555555555556,0.5677777777777778,-6.400491696765109,0.5677777777777778
0.05,,0.4662326279907678,-175.43547062728214,-1.0,31.0,train,26.666666666666668,60.0,68.88888888888889,46.666666666666664,57.77777777777777,0.5877777777777777,-6.365739577721033,0.5877777777777777
0.1,,0.4719752926348768,-177.80358768178309,-1.0,31.0,train,26.666666666666668,64.44444444444444,71.11111111111111,44.44444444444444,57.77777777777777,0.5944444444444444,-6.33921438574063,0.5944444444444444
0.15,,0.4742843675872648,-179.8864452852049,-1.0,31.0,train,26.666666666666668,64.44444444444444,73.33333333333333,44.44444444444444,55.55555555555556,0.5977777777777777,-6.3308413358946245,0.5977777777777777
0.25,,0.47885336186752026,-183.49627306836433,-1.0,31.0,train,26.666666666666668,62.22222222222222,77.77777777777779,44.44444444444444,53.333333333333336,0.6077777777777778,-6.366832048272531,0.6077777777777778
0.35,,0.4951711789440175,-186.60989508584532,-1.0,31.0,train,26.666666666666668,64.44444444444444,80.0,46.666666666666664,55.55555555555556,0.6422222222222222,-6.472303682986292,0.6422222222222222
0.5,,0.48780806488405626,-190.68150640597398,-1.0,31.0,train,24.444444444444443,64.44444444444444,82.22222222222221,44.44444444444444,53.333333333333336,0.6288888888888889,-6.76639337992388,0.6288888888888889
0.001,,0.5088626959178227,-169.33039369113158,-1.0,32.0,train,33.33333333333333,68.88888888888889,73.33333333333333,48.888888888888886,55.55555555555556,0.6311111111111111,-4.885157113745313,0.6311111111111111
0.005,,0.5007800117278945,-169.52651091400526,-1.0,32.0,train,31.11111111111111,68.88888888888889,73.33333333333333,48.888888888888886,55.55555555555556,0.6311111111111111,-4.896884598585298,0.6311111111111111
0.01,,0.5017775184622328,-169.76899989754247,-1.0,32.0,train,31.11111111111111,68.88888888888889,73.33333333333333,48.888888888888886,55.55555555555556,0.6322222222222222,-4.911705338720976,0.6322222222222222
0.05,,0.5033757753579218,-171.6162985956174,-1.0,32.0,train,31.11111111111111,68.88888888888889,75.55555555555556,48.888888888888886,55.55555555555556,0.6355555555555555,-5.0366655747644895,0.6344444444444445
0.1,,0.5127600169463377,-173.74103587085278,-1.0,32.0,train,31.11111111111111,71.11111111111111,77.77777777777779,46.666666666666664,60.0,0.6533333333333333,-5.208612623887646,0.6533333333333333
0.15,,0.5160842886762572,-175.7115777961555,-1.0,32.0,train,31.11111111111111,73.33333333333333,77.77777777777779,46.666666666666664,62.22222222222222,0.6622222222222223,-5.397788572893152,0.6622222222222223
0.25,,0.5206268603464396,-179.31641063099863,-1.0,32.0,train,31.11111111111111,73.33333333333333,80.0,46.666666666666664,60.0,0.68,-5.82745257835414,0.68
0.35,,0.5080656008603275,-182.5998444388489,-1.0,32.0,train,28.888888888888886,71.11111111111111,80.0,42.22222222222222,60.0,0.6711111111111111,-6.326323872417196,0.6711111111111111
0.5,,0.48355856506256867,-187.1252968425473,-1.0,32.0,train,24.444444444444443,73.33333333333333,80.0,40.0,57.77777777777777,0.6533333333333333,-7.211108015186175,0.6533333333333333
0.001,,0.5417279750002469,-162.04480978291406,-1.0,33.0,train,33.33333333333333,75.55555555555556,80.0,48.888888888888886,64.44444444444444,0.6911111111111111,-5.618600950203477,0.6911111111111111
0.005,,0.5336452908103188,-162.30738204441812,-1.0,33.0,train,31.11111111111111,75.55555555555556,80.0,48.888888888888886,64.44444444444444,0.6911111111111111,-5.617169879334333,0.6911111111111111
0.01,,0.5350515174812794,-162.62782311662752,-1.0,33.0,train,31.11111111111111,75.55555555555556,80.0,48.888888888888886,64.44444444444444,0.6933333333333334,-5.615547517447539,0.6933333333333334
0.05,,0.5401014133975747,-164.95112299686122,-1.0,33.0,train,31.11111111111111,75.55555555555556,82.22222222222221,51.11111111111111,64.44444444444444,0.6977777777777778,-5.609105948069127,0.6977777777777778
0.1,,0.5500986002274943,-167.44872403229166,-1.0,33.0,train,31.11111111111111,77.77777777777779,84.44444444444444,51.11111111111111,64.44444444444444,0.7144444444444444,-5.616875371129669,0.7144444444444444
0.15,,0.5506164625866787,-169.6571566154389,-1.0,33.0,train,31.11111111111111,80.0,84.44444444444444,48.888888888888886,66.66666666666666,0.7222222222222222,-5.641516026483218,0.7222222222222222
0.25,,0.5560704948414051,-173.5151981282857,-1.0,33.0,train,31.11111111111111,80.0,88.88888888888889,48.888888888888886,66.66666666666666,0.7333333333333333,-5.7392642269093885,0.7333333333333333
0.35,,0.5708675454271296,-176.88082459832407,-1.0,33.0,train,33.33333333333333,77.77777777777779,91.11111111111111,48.888888888888886,68.88888888888889,0.74,-5.89960693471207,0.74
0.5,,0.5473172325731711,-181.34604620827648,-1.0,33.0,train,28.888888888888886,77.77777777777779,88.88888888888889,48.888888888888886,64.44444444444444,0.72,-6.256866867049749,0.72
0.001,,0.4969773909657208,-174.33842760453416,-1.0,34.0,train,26.666666666666668,71.11111111111111,77.77777777777779,46.666666666666664,55.55555555555556,0.6522222222222223,-5.70332396346247,0.6522222222222223
0.005,,0.4969773909657208,-174.5286203598154,-1.0,34.0,train,26.666666666666668,71.11111111111111,77.77777777777779,46.666666666666664,55.55555555555556,0.6522222222222223,-5.710001995383997,0.6522222222222223
0.01,,0.4969773909657208,-174.76396139070536,-1.0,34.0,train,26.666666666666668,71.11111111111111,77.77777777777779,46.666666666666664,55.55555555555556,0.6522222222222223,-5.71852541997753,0.6522222222222223
0.05,,0.5019534181529339,-176.56238489061582,-1.0,34.0,train,26.666666666666668,68.88888888888889,80.0,48.888888888888886,55.55555555555556,0.65,-5.793730417585271,0.65
0.1,,0.5072001848663856,-178.64074771368968,-1.0,34.0,train,26.666666666666668,68.88888888888889,82.22222222222221,48.888888888888886,55.55555555555556,0.6533333333333333,-5.905271248562285,0.6533333333333333
0.15,,0.5064551466214995,-180.57588620356543,-1.0,34.0,train,26.666666666666668,68.88888888888889,82.22222222222221,48.888888888888886,55.55555555555556,0.6533333333333333,-6.036457321620993,0.6533333333333333
0.25,,0.5096849743581705,-184.13351177532766,-1.0,34.0,train,26.666666666666668,66.66666666666666,84.44444444444444,48.888888888888886,55.55555555555556,0.6522222222222223,-6.359707640754932,0.6522222222222223
0.35,,0.5009300173252507,-187.3973602519416,-1.0,34.0,train,26.666666666666668,64.44444444444444,82.22222222222221,48.888888888888886,53.333333333333336,0.6466666666666666,-6.770151797332979,0.6466666666666666
0.5,,0.47182166768914174,-191.95634732328654,-1.0,34.0,train,24.444444444444443,66.66666666666666,77.77777777777779,44.44444444444444,48.888888888888886,0.6222222222222222,-7.577547710267954,0.6222222222222222
0.001,,0.5118648705686728,-181.29555079474954,-1.0,35.0,train,35.55555555555556,64.44444444444444,77.77777777777779,46.666666666666664,48.888888888888886,0.6277777777777778,-4.655321566571369,0.6277777777777778
0.005,,0.5118648705686728,-181.68750775949837,-1.0,35.0,train,35.55555555555556,64.44444444444444,77.77777777777779,46.666666666666664,48.888888888888886,0.6277777777777778,-4.666801744766172,0.6277777777777778
0.01,,0.5117201621161809,-182.1623893680478,-1.0,35.0,train,35.55555555555556,62.22222222222222,77.77777777777779,46.666666666666664,48.888888888888886,0.6266666666666667,-4.681261831394813,0.6266666666666667
0.05,,0.518308614902153,-185.50313229663806,-1.0,35.0,train,35.55555555555556,66.66666666666666,77.77777777777779,46.666666666666664,51.11111111111111,0.6377777777777778,-4.801335190612166,0.6377777777777778
0.1,,0.5295417484821175,-188.9267795125179,-1.0,35.0,train,35.55555555555556,66.66666666666666,82.22222222222221,46.666666666666664,48.888888888888886,0.6455555555555555,-4.962431042224806,0.6455555555555555
0.15,,0.5320019972057342,-191.83915052300634,-1.0,35.0,train,35.55555555555556,68.88888888888889,84.44444444444444,46.666666666666664,48.888888888888886,0.6522222222222223,-5.135865650680394,0.6522222222222223
0.25,,0.5520927182031892,-196.72467342098085,-1.0,35.0,train,35.55555555555556,71.11111111111111,91.11111111111111,46.666666666666664,48.888888888888886,0.6855555555555556,-5.520776219560383,0.6855555555555556
0.35,,0.5515318184557045,-200.82071807131675,-1.0,35.0,train,33.33333333333333,73.33333333333333,91.11111111111111,48.888888888888886,53.333333333333336,0.7011111111111111,-5.959386359705941,0.7011111111111111
0.5,,0.5178893343408967,-206.07051030330047,-1.0,35.0,train,31.11111111111111,73.33333333333333,86.66666666666667,44.44444444444444,48.888888888888886,0.6777777777777778,-6.731746558470245,0.6777777777777778
0.001,,0.5204200972403944,-157.48102767348684,-1.0,36.0,train,28.888888888888886,68.88888888888889,80.0,51.11111111111111,57.77777777777777,0.6566666666666666,-6.203881169193999,0.6566666666666666
0.005,,0.514983418526656,-157.77364003619903,-1.0,36.0,train,28.888888888888886,68.88888888888889,80.0,51.11111111111111,57.77777777777777,0.6566666666666666,-6.197107297245405,0.6566666666666666
0.01,,0.514983418526656,-158.12888680684478,-1.0,36.0,train,28.888888888888886,68.88888888888889,80.0,51.11111111111111,57.77777777777777,0.6566666666666666,-6.188887907378715,0.6566666666666666
0.05,,0.5166489867540802,-160.65533565698598,-1.0,36.0,train,28.888888888888886,71.11111111111111,80.0,51.11111111111111,60.0,0.6733333333333333,-6.132770569439503,0.6733333333333333
0.1,,0.5224474712365085,-163.30473230760174,-1.0,36.0,train,28.888888888888886,73.33333333333333,82.22222222222221,51.11111111111111,60.0,0.6777777777777778,-6.085520837021423,0.6777777777777778
0.15,,0.523179130380645,-165.61298287349373,-1.0,36.0,train,28.888888888888886,73.33333333333333,82.22222222222221,51.11111111111111,60.0,0.68,-6.062079961622916,0.68
0.25,,0.5263615848124445,-169.60294645330345,-1.0,36.0,train,28.888888888888886,73.33333333333333,84.44444444444444,48.888888888888886,60.0,0.7011111111111111,-6.081473927062939,0.7011111111111111
0.35,,0.5228489929057107,-173.06216196335052,-1.0,36.0,train,28.888888888888886,73.33333333333333,84.44444444444444,48.888888888888886,55.55555555555556,0.6922222222222222,-6.183554878644902,0.6922222222222222
0.5,,0.5024843166958763,-177.6438048264897,-1.0,36.0,train,26.666666666666668,71.11111111111111,82.22222222222221,42.22222222222222,53.333333333333336,0.6555555555555556,-6.484501259209929,0.6555555555555556
0.001,,0.5044730983851917,-156.65293558909673,-1.0,37.0,train,26.666666666666668,73.33333333333333,77.77777777777779,44.44444444444444,60.0,0.6644444444444444,-9.681401777758188,0.6644444444444444
0.005,,0.490834858639708,-156.91450689605472,-1.0,37.0,train,24.444444444444443,73.33333333333333,77.77777777777779,44.44444444444444,60.0,0.6633333333333333,-9.652660405955327,0.6633333333333333
0.01,,0.4903440353060891,-157.2310823760929,-1.0,37.0,train,24.444444444444443,71.11111111111111,77.77777777777779,44.44444444444444,60.0,0.6611111111111111,-9.617222505917367,0.6611111111111111
0.05,,0.4838004946092483,-159.45359196891843,-1.0,37.0,train,24.444444444444443,71.11111111111111,75.55555555555556,46.666666666666664,60.0,0.6522222222222223,-9.352115455600487,0.6522222222222223
0.1,,0.48121611475805337,-161.73610510420872,-1.0,37.0,train,24.444444444444443,71.11111111111111,75.55555555555556,44.44444444444444,60.0,0.6488888888888888,-9.062038217179772,0.6488888888888888
0.15,,0.4789189586389851,-163.69010084239682,-1.0,37.0,train,24.444444444444443,71.11111111111111,75.55555555555556,42.22222222222222,57.77777777777777,0.6488888888888888,-8.81185807989701,0.6488888888888888
0.25,,0.4804323992105359,-167.00143008143058,-1.0,37.0,train,24.444444444444443,71.11111111111111,80.0,40.0,57.77777777777777,0.6544444444444445,-8.413374667391647,0.6544444444444445
0.35,,0.4777049908832996,-169.81051056482096,-1.0,37.0,train,22.22222222222222,71.11111111111111,80.0,42.22222222222222,57.77777777777777,0.6622222222222223,-8.131088642738133,0.6611111111111111
0.5,,0.461731087478787,-173.4451057882285,-1.0,37.0,train,22.22222222222222,64.44444444444444,77.77777777777779,40.0,55.55555555555556,0.6166666666666667,-7.89480900469089,0.6166666666666667
0.001,,0.5182590095356698,-165.8811346954278,-1.0,38.0,train,28.888888888888886,73.33333333333333,77.77777777777779,55.55555555555556,60.0,0.6666666666666666,-5.951453441178839,0.6666666666666666
0.005,,0.5128223308219315,-166.1224317410803,-1.0,38.0,train,28.888888888888886,73.33333333333333,77.77777777777779,55.55555555555556,60.0,0.6666666666666666,-5.94829266328269,0.6666666666666666
0.01,,0.5136792871669675,-166.41699646456786,-1.0,38.0,train,28.888888888888886,73.33333333333333,77.77777777777779,55.55555555555556,60.0,0.6666666666666666,-5.9446798231108176,0.6666666666666666
0.05,,0.5153196457250763,-168.5569155788603,-1.0,38.0,train,28.888888888888886,71.11111111111111,80.0,55.55555555555556,60.0,0.6733333333333333,-5.928430426592157,0.6722222222222223
0.1,,0.51806205665788,-170.8699710262171,-1.0,38.0,train,28.888888888888886,73.33333333333333,80.0,53.333333333333336,60.0,0.6777777777777778,-5.936329715280777,0.6777777777777778
0.15,,0.5172340251965706,-172.93032169456757,-1.0,38.0,train,28.888888888888886,73.33333333333333,80.0,53.333333333333336,57.77777777777777,0.6766666666666666,-5.97139144119738,0.6766666666666666
0.25,,0.525435811557113,-176.57119589774697,-1.0,38.0,train,28.888888888888886,75.55555555555556,86.66666666666667,51.11111111111111,60.0,0.69,-6.111543049415885,0.69
0.35,,0.512992008920036,-179.79475663809595,-1.0,38.0,train,26.666666666666668,71.11111111111111,88.88888888888889,48.888888888888886,55.55555555555556,0.6788888888888889,-6.333852556976104,0.6788888888888889
0.5,,0.47087384508008195,-184.1413848273308,-1.0,38.0,train,22.22222222222222,66.66666666666666,82.22222222222221,44.44444444444444,51.11111111111111,0.6211111111111111,-6.80781236979324,0.6211111111111111
0.001,,0.5553801530272031,-154.53548051775107,-1.0,39.0,train,31.11111111111111,75.55555555555556,84.44444444444444,51.11111111111111,64.44444444444444,0.7166666666666667,-5.836531154542937,0.7166666666666667
0.005,,0.5554990298690203,-154.72854590239896,-1.0,39.0,train,31.11111111111111,75.55555555555556,84.44444444444444,51.11111111111111,64.44444444444444,0.7177777777777777,-5.837863719149473,0.7177777777777777
0.01,,0.556048300194945,-154.96681380161522,-1.0,39.0,train,31.11111111111111,75.55555555555556,84.44444444444444,51.11111111111111,64.44444444444444,0.72,-5.839728675834512,0.72
0.05,,0.5631871754601816,-156.76701189320968,-1.0,39.0,train,31.11111111111111,77.77777777777779,84.44444444444444,53.333333333333336,66.66666666666666,0.73,-5.862502488624498,0.73
0.1,,0.5660150927461836,-158.809642591014,-1.0,39.0,train,31.11111111111111,80.0,84.44444444444444,53.333333333333336,68.88888888888889,0.7355555555555555,-5.910134297021079,0.7355555555555555
0.15,,0.5643028202926806,-160.68281226006556,-1.0,39.0,train,31.11111111111111,80.0,84.44444444444444,51.11111111111111,66.66666666666666,0.7355555555555555,-5.978491276530166,0.7355555555555555
0.25,,0.562548766640578,-164.0709563759832,-1.0,39.0,train,31.11111111111111,77.77777777777779,88.88888888888889,48.888888888888886,62.22222222222222,0.7266666666666667,-6.176262588483653,0.7266666666666667
0.35,,0.5640561664714407,-167.12935563030274,-1.0,39.0,train,33.33333333333333,73.33333333333333,88.88888888888889,48.888888888888886,60.0,0.7177777777777777,-6.456231296725496,0.7177777777777777
0.5,,0.5316034104567048,-171.33329589620382,-1.0,39.0,train,28.888888888888886,71.11111111111111,86.66666666666667,46.666666666666664,60.0,0.69,-7.042826922829706,0.69
0.001,,0.5588872472372393,-151.51701159225368,-1.0,40.0,train,35.55555555555556,73.33333333333333,80.0,55.55555555555556,62.22222222222222,0.6922222222222222,-4.181998684631535,0.6922222222222222
0.005,,0.5508045630473112,-151.7957846447134,-1.0,40.0,train,33.33333333333333,73.33333333333333,80.0,55.55555555555556,62.22222222222222,0.6922222222222222,-4.192860447532733,0.6922222222222222
0.01,,0.5507224596503147,-152.1338856296264,-1.0,40.0,train,33.33333333333333,71.11111111111111,80.0,55.55555555555556,62.22222222222222,0.6911111111111111,-4.2065861375832645,0.6911111111111111
0.05,,0.5447659254263783,-154.52342603078873,-1.0,40.0,train,33.33333333333333,73.33333333333333,77.77777777777779,57.77777777777777,62.22222222222222,0.6855555555555556,-4.322263909439034,0.6855555555555556
0.1,,0.5503214809819338,-156.99619887290672,-1.0,40.0,train,33.33333333333333,73.33333333333333,80.0,57.77777777777777,62.22222222222222,0.6922222222222222,-4.481283550938052,0.6922222222222222
0.15,,0.5522266955799082,-159.12411041175102,-1.0,40.0,train,33.33333333333333,75.55555555555556,80.0,57.77777777777777,62.22222222222222,0.7,-4.656054949960967,0.7
0.25,,0.5600894184897134,-162.7551951688721,-1.0,40.0,train,33.33333333333333,75.55555555555556,84.44444444444444,55.55555555555556,62.22222222222222,0.7166666666666667,-5.05265375185317,0.7166666666666667
0.35,,0.5731417246159125,-165.86727831443665,-1.0,40.0,train,33.33333333333333,77.77777777777779,86.66666666666667,57.77777777777777,64.44444444444444,0.7366666666666667,-5.513614174379188,0.7366666666666667
0.5,,0.5708031341038997,-169.95696778705093,-1.0,40.0,train,33.33333333333333,75.55555555555556,86.66666666666667,57.77777777777777,66.66666666666666,0.7233333333333334,-6.3377758825289,0.7233333333333334
0.001,,0.4815456928888703,-161.77741022476883,-1.0,41.0,train,24.444444444444443,68.88888888888889,80.0,44.44444444444444,55.55555555555556,0.6522222222222223,-5.821464950630625,0.6522222222222223
0.005,,0.4815456928888703,-162.09444730320695,-1.0,41.0,train,24.444444444444443,68.88888888888889,80.0,44.44444444444444,55.55555555555556,0.6522222222222223,-5.825514507621792,0.6522222222222223
0.01,,0.4825431996232087,-162.47946233398494,-1.0,41.0,train,24.444444444444443,68.88888888888889,80.0,44.44444444444444,55.55555555555556,0.6533333333333333,-5.830720470162688,0.6533333333333333
0.05,,0.48893907370106726,-165.21978498326504,-1.0,41.0,train,24.444444444444443,71.11111111111111,82.22222222222221,44.44444444444444,57.77777777777777,0.6655555555555556,-5.878073322202182,0.6655555555555556
0.1,,0.49083489433385846,-168.09348556809152,-1.0,41.0,train,24.444444444444443,73.33333333333333,82.22222222222221,42.22222222222222,57.77777777777777,0.6733333333333333,-5.951303963216858,0.6733333333333333
0.15,,0.49509294751124877,-170.594635748955,-1.0,41.0,train,24.444444444444443,73.33333333333333,84.44444444444444,42.22222222222222,60.0,0.68,-6.039868718416187,0.68
0.25,,0.4976124517173149,-174.91161280415548,-1.0,41.0,train,24.444444444444443,73.33333333333333,86.66666666666667,40.0,57.77777777777777,0.6844444444444444,-6.262493169294884,0.6844444444444444
0.35,,0.48212214062681336,-178.64968569391056,-1.0,41.0,train,22.22222222222222,71.11111111111111,86.66666666666667,37.77777777777778,53.333333333333336,0.6688888888888889,-6.546099162143938,0.6688888888888889
0.5,,0.46367318731167406,-183.59877132231176,-1.0,41.0,train,22.22222222222222,68.88888888888889,84.44444444444444,37.77777777777778,48.888888888888886,0.63,-7.0905465024418675,0.63
0.001,,0.5344293141206056,-150.66910722012233,-1.0,42.0,train,24.444444444444443,73.33333333333333,84.44444444444444,51.11111111111111,62.22222222222222,0.6966666666666667,-5.193450316741517,0.6966666666666667
0.005,,0.5207910743751217,-150.90605704501937,-1.0,42.0,train,22.22222222222222,73.33333333333333,84.44444444444444,51.11111111111111,62.22222222222222,0.6955555555555556,-5.192421305400582,0.6955555555555556
0.01,,0.5207910743751217,-151.19646100934006,-1.0,42.0,train,22.22222222222222,73.33333333333333,84.44444444444444,51.11111111111111,62.22222222222222,0.6955555555555556,-5.191283843020321,0.6955555555555556
0.05,,0.5231761691857573,-153.33158682070797,-1.0,42.0,train,22.22222222222222,73.33333333333333,84.44444444444444,53.333333333333336,62.22222222222222,0.6988888888888889,-5.188041164482234,0.6988888888888889
0.1,,0.5233858722768677,-155.66036682836247,-1.0,42.0,train,22.22222222222222,73.33333333333333,84.44444444444444,53.333333333333336,64.44444444444444,0.6988888888888889,-5.198237003665646,0.6988888888888889
0.15,,0.5232336579810846,-157.73184113811274,-1.0,42.0,train,22.22222222222222,73.33333333333333,84.44444444444444,53.333333333333336,62.22222222222222,0.6988888888888889,-5.223770613711678,0.6988888888888889
0.25,,0.5351436901328207,-161.3576694465335,-1.0,42.0,train,22.22222222222222,73.33333333333333,91.11111111111111,51.11111111111111,62.22222222222222,0.71,-5.319700235162253,0.71
0.35,,0.5299237687034093,-164.51843885852594,-1.0,42.0,train,22.22222222222222,71.11111111111111,93.33333333333333,48.888888888888886,57.77777777777777,0.7066666666666667,-5.475461395637019,0.7044444444444444
0.5,,0.5038901117662127,-168.70868723986283,-1.0,42.0,train,22.22222222222222,68.88888888888889,86.66666666666667,48.888888888888886,55.55555555555556,0.6666666666666666,-5.828939272536145,0.6666666666666666
0.001,,0.5364453674286768,-173.58355676096036,-1.0,43.0,train,28.888888888888886,77.77777777777779,82.22222222222221,48.888888888888886,60.0,0.7011111111111111,-4.1052207408647945,0.7011111111111111
0.005,,0.5308898118731212,-173.82401000153675,-1.0,43.0,train,28.888888888888886,77.77777777777779,82.22222222222221,48.888888888888886,60.0,0.7,-4.121263627972604,0.7
0.01,,0.5317467682181573,-174.11857997841233,-1.0,43.0,train,28.888888888888886,77.77777777777779,82.22222222222221,48.888888888888886,60.0,0.7,-4.14140256519063,0.7
0.05,,0.5422090112160882,-176.28927309839239,-1.0,43.0,train,28.888888888888886,77.77777777777779,86.66666666666667,51.11111111111111,60.0,0.7088888888888889,-4.3059616856513685,0.7088888888888889
0.1,,0.5443888866867607,-178.68566593534314,-1.0,43.0,train,28.888888888888886,77.77777777777779,86.66666666666667,51.11111111111111,60.0,0.7122222222222222,-4.520457427207137,0.7122222222222222
0.15,,0.5524382334227228,-180.85352515813713,-1.0,43.0,train,31.11111111111111,77.77777777777779,86.66666666666667,51.11111111111111,57.77777777777777,0.7133333333333334,-4.7450454812767795,0.7133333333333334
0.25,,0.5451622419940843,-184.740122453685,-1.0,43.0,train,28.888888888888886,80.0,88.88888888888889,48.888888888888886,60.0,0.7222222222222222,-5.226072676401536,0.72
0.35,,0.541779430164733,-188.2247487696021,-1.0,43.0,train,26.666666666666668,80.0,93.33333333333333,48.888888888888886,57.77777777777777,0.7222222222222222,-5.752702778078157,0.72
0.5,,0.46279181137190534,-192.97111864301266,-1.0,43.0,train,20.0,71.11111111111111,84.44444444444444,37.77777777777778,51.11111111111111,0.6377777777777778,-6.638620044355223,0.6377777777777778
0.001,,0.48460212498652167,-166.74878430679715,-1.0,44.0,train,22.22222222222222,71.11111111111111,77.77777777777779,48.888888888888886,55.55555555555556,0.6522222222222223,-4.694544588387365,0.6522222222222223
0.005,,0.4708450083992207,-166.99157674272126,-1.0,44.0,train,20.0,71.11111111111111,77.77777777777779,48.888888888888886,55.55555555555556,0.65,-4.704509459479861,0.65
0.01,,0.47170196474425696,-167.28830908724828,-1.0,44.0,train,20.0,71.11111111111111,77.77777777777779,48.888888888888886,55.55555555555556,0.65,-4.717060137427241,0.65
0.05,,0.47929444451454467,-169.44794361869052,-1.0,44.0,train,20.0,75.55555555555556,80.0,48.888888888888886,57.77777777777777,0.6711111111111111,-4.821251651777734,0.6711111111111111
0.1,,0.48081025193227606,-171.77617262831976,-1.0,44.0,train,20.0,77.77777777777779,80.0,46.666666666666664,57.77777777777777,0.6755555555555556,-4.960984105759896,0.6755555555555556
0.15,,0.4816931549931279,-173.8372625852529,-1.0,44.0,train,20.0,77.77777777777779,80.0,44.44444444444444,57.77777777777777,0.6766666666666666,-5.111346333426644,0.6766666666666666
0.25,,0.4888618137921548,-177.44438023054167,-1.0,44.0,train,20.0,77.77777777777779,86.66666666666667,42.22222222222222,60.0,0.6855555555555556,-5.44456274071286,0.6855555555555556
0.35,,0.48149121036685133,-180.60051862764772,-1.0,44.0,train,17.77777777777778,75.55555555555556,88.88888888888889,42.22222222222222,57.77777777777777,0.6866666666666666,-5.822631864020681,0.6866666666666666
0.5,,0.4633629282029448,-184.80429637473935,-1.0,44.0,train,17.77777777777778,71.11111111111111,80.0,42.22222222222222,60.0,0.65,-6.479825172598475,0.65
0.001,,0.5077246883074069,-171.7226374438499,-1.0,45.0,train,28.888888888888886,68.88888888888889,77.77777777777779,51.11111111111111,57.77777777777777,0.6544444444444445,-3.5099251187042704,0.6544444444444445
0.005,,0.49952312727566156,-171.9831193492239,-1.0,45.0,train,26.666666666666668,68.88888888888889,77.77777777777779,51.11111111111111,57.77777777777777,0.6533333333333333,-3.525882941641969,0.6533333333333333
0.01,,0.49952312727566156,-172.30109359080993,-1.0,45.0,train,26.666666666666668,68.88888888888889,77.77777777777779,51.11111111111111,57.77777777777777,0.6533333333333333,-3.545918056572124,0.6533333333333333
0.05,,0.5053775882410525,-174.60720963400087,-1.0,45.0,train,26.666666666666668,68.88888888888889,77.77777777777779,51.11111111111111,60.0,0.6611111111111111,-3.7097497706767992,0.6611111111111111
0.1,,0.5092456268653807,-177.08417019891903,-1.0,45.0,train,26.666666666666668,68.88888888888889,80.0,48.888888888888886,60.0,0.6666666666666666,-3.9236109265402206,0.6666666666666666
0.15,,0.5176394779831084,-179.27153218045459,-1.0,45.0,train,28.888888888888886,71.11111111111111,80.0,48.888888888888886,60.0,0.6722222222222223,-4.147904862436557,0.6722222222222223
0.25,,0.5289262385271062,-183.08823547181592,-1.0,45.0,train,28.888888888888886,68.88888888888889,86.66666666666667,46.666666666666664,60.0,0.68,-4.629585699885026,0.68
0.35,,0.5142142220789868,-186.41511835032526,-1.0,45.0,train,24.444444444444443,71.11111111111111,84.44444444444444,48.888888888888886,66.66666666666666,0.69,-5.1590932211634275,0.69
0.5,,0.5046659258649131,-190.82561502231033,-1.0,45.0,train,26.666666666666668,71.11111111111111,80.0,46.666666666666664,62.22222222222222,0.6655555555555556,-6.056133714881584,0.6655555555555556
0.001,,0.6588421311864606,-147.60534676256128,-1.0,46.0,train,40.0,84.44444444444444,88.88888888888889,68.88888888888889,77.77777777777779,0.7988888888888889,-2.9531622591006927,0.7988888888888889
0.005,,0.6450850145991597,-147.81683166860475,-1.0,46.0,train,37.77777777777778,84.44444444444444,88.88888888888889,68.88888888888889,77.77777777777779,0.7966666666666666,-2.9740589571807647,0.7966666666666666
0.01,,0.6452255649884618,-148.07730952339776,-1.0,46.0,train,37.77777777777778,84.44444444444444,88.88888888888889,68.88888888888889,77.77777777777779,0.7977777777777778,-3.0002765805035505,0.7977777777777778
0.05,,0.6498750477774823,-150.0304071443761,-1.0,46.0,train,37.77777777777778,84.44444444444444,88.88888888888889,71.11111111111111,77.77777777777779,0.7988888888888889,-3.213948160150107,0.7988888888888889
0.1,,0.6485382373006926,-152.2255885320279,-1.0,46.0,train,37.77777777777778,86.66666666666667,88.88888888888889,71.11111111111111,77.77777777777779,0.8044444444444444,-3.4911779483835677,0.8044444444444444
0.15,,0.6587036878559476,-154.2286262709788,-1.0,46.0,train,40.0,86.66666666666667,88.88888888888889,71.11111111111111,80.0,0.8066666666666666,-3.7802421680072493,0.8066666666666666
0.25,,0.6524200297269963,-157.84300315717485,-1.0,46.0,train,40.0,88.88888888888889,88.88888888888889,68.88888888888889,77.77777777777779,0.81,-4.396756212370542,0.81
0.35,,0.6181785246625624,-161.10492086294343,-1.0,46.0,train,33.33333333333333,84.44444444444444,88.88888888888889,68.88888888888889,75.55555555555556,0.7922222222222223,-5.0704732901019245,0.7922222222222223
0.5,,0.5858361167582355,-165.59108863339418,-1.0,46.0,train,28.888888888888886,77.77777777777779,88.88888888888889,62.22222222222222,71.11111111111111,0.7511111111111111,-6.210512402690332,0.7511111111111111
0.001,,0.48215458134273725,-169.74447600235516,-1.0,47.0,train,24.444444444444443,71.11111111111111,75.55555555555556,46.666666666666664,53.333333333333336,0.6433333333333333,-9.06054305524303,0.6433333333333333
0.005,,0.48215458134273725,-170.03488466465376,-1.0,47.0,train,24.444444444444443,71.11111111111111,75.55555555555556,46.666666666666664,53.333333333333336,0.6433333333333333,-9.044475376802378,0.6433333333333333
0.01,,0.48088735553819684,-170.38770561744718,-1.0,47.0,train,24.444444444444443,68.88888888888889,75.55555555555556,46.666666666666664,53.333333333333336,0.6388888888888888,-9.024892661653212,0.6388888888888888
0.05,,0.48128334154236724,-172.8943192865015,-1.0,47.0,train,24.444444444444443,71.11111111111111,75.55555555555556,46.666666666666664,53.333333333333336,0.6366666666666667,-8.887129762735801,0.6366666666666667
0.1,,0.48503091971764933,-175.49853434764202,-1.0,47.0,train,24.444444444444443,71.11111111111111,77.77777777777779,44.44444444444444,53.333333333333336,0.6422222222222222,-8.757555384667343,0.6422222222222222
0.15,,0.4859195185923042,-177.7393829800811,-1.0,47.0,train,24.444444444444443,73.33333333333333,77.77777777777779,44.44444444444444,53.333333333333336,0.6477777777777778,-8.669721480666643,0.6477777777777778
0.25,,0.4868716269884589,-181.55849975624957,-1.0,47.0,train,24.444444444444443,71.11111111111111,80.0,42.22222222222222,55.55555555555556,0.6466666666666666,-8.604208153535426,0.6466666666666666
0.35,,0.487133783955501,-184.83537477220037,-1.0,47.0,train,24.444444444444443,68.88888888888889,80.0,42.22222222222222,57.77777777777777,0.6522222222222223,-8.672152398815514,0.6522222222222223
0.5,,0.48846191318765786,-189.18028832263883,-1.0,47.0,train,24.444444444444443,71.11111111111111,82.22222222222221,42.22222222222222,53.333333333333336,0.65,-9.01636712724876,0.6488888888888888
0.001,,0.49742068699405734,-173.98687413477543,-1.0,48.0,train,26.666666666666668,66.66666666666666,77.77777777777779,46.666666666666664,55.55555555555556,0.6377777777777778,-5.968082587609638,0.6377777777777778
0.005,,0.4836635704067562,-174.19518204953786,-1.0,48.0,train,24.444444444444443,66.66666666666666,77.77777777777779,46.666666666666664,55.55555555555556,0.6355555555555555,-5.968762643897336,0.6355555555555555
0.01,,0.48452052675179247,-174.45032535011106,-1.0,48.0,train,24.444444444444443,66.66666666666666,77.77777777777779,46.666666666666664,55.55555555555556,0.6355555555555555,-5.969830295848282,0.6355555555555555
0.05,,0.491678278198228,-176.32863456643375,-1.0,48.0,train,24.444444444444443,68.88888888888889,80.0,46.666666666666664,57.77777777777777,0.6533333333333333,-5.986831801691332,0.6533333333333333
0.1,,0.49433048201827895,-178.3986753821462,-1.0,48.0,train,24.444444444444443,71.11111111111111,80.0,46.666666666666664,60.0,0.6622222222222223,-6.028216286262178,0.6622222222222223
0.15,,0.4917247662635441,-180.26892031651403,-1.0,48.0,train,24.444444444444443,71.11111111111111,80.0,46.666666666666664,55.55555555555556,0.6555555555555556,-6.09062832966628,0.6555555555555556
0.25,,0.4875901576780262,-183.6187505960428,-1.0,48.0,train,24.444444444444443,75.55555555555556,80.0,42.22222222222222,55.55555555555556,0.67,-6.274602686228585,0.67
0.35,,0.47734063750204114,-186.62104409935327,-1.0,48.0,train,24.444444444444443,68.88888888888889,80.0,42.22222222222222,51.11111111111111,0.6477777777777778,-6.533766945003646,0.6477777777777778
0.5,,0.44961692379058554,-190.71284867683778,-1.0,48.0,train,22.22222222222222,64.44444444444444,77.77777777777779,37.77777777777778,51.11111111111111,0.6033333333333334,-7.061683632618363,0.6033333333333334
0.001,,0.5599090857516805,-146.56380202165758,-1.0,49.0,train,35.55555555555556,75.55555555555556,80.0,53.333333333333336,62.22222222222222,0.6966666666666667,-3.433485578303751,0.6966666666666667
0.005,,0.5599090857516805,-146.82443751786107,-1.0,49.0,train,35.55555555555556,75.55555555555556,80.0,53.333333333333336,62.22222222222222,0.6966666666666667,-3.4516751739164455,0.6966666666666667
0.01,,0.560317805688303,-147.14270215122696,-1.0,49.0,train,35.55555555555556,75.55555555555556,80.0,53.333333333333336,62.22222222222222,0.6977777777777778,-3.4745458974392576,0.6977777777777778
0.05,,0.5594465658879331,-149.45025520744153,-1.0,49.0,train,35.55555555555556,75.55555555555556,80.0,53.333333333333336,62.22222222222222,0.6911111111111111,-3.6628462077562514,0.6911111111111111
0.1,,0.5648266798839042,-151.92336708476958,-1.0,49.0,train,35.55555555555556,75.55555555555556,82.22222222222221,53.333333333333336,62.22222222222222,0.6933333333333334,-3.911524090957449,0.6933333333333334
0.15,,0.5630031731821659,-154.1048003733277,-1.0,49.0,train,35.55555555555556,75.55555555555556,82.22222222222221,51.11111111111111,64.44444444444444,0.6933333333333334,-4.175012280697683,0.6933333333333334
0.25,,0.5638293294766935,-157.9196825590723,-1.0,49.0,train,35.55555555555556,73.33333333333333,82.22222222222221,51.11111111111111,64.44444444444444,0.7,-4.7471243811325365,0.7
0.35,,0.559079565018995,-161.2720043277253,-1.0,49.0,train,35.55555555555556,73.33333333333333,82.22222222222221,48.888888888888886,62.22222222222222,0.69,-5.381789680152288,0.69
0.5,,0.5294805000725655,-165.7890314049847,-1.0,49.0,train,33.33333333333333,73.33333333333333,77.77777777777779,46.666666666666664,60.0,0.6677777777777778,-6.461952228551944,0.6677777777777778
